DBHID,PlotName,PlotID,Family,Genus,SpeciesName,Mnemonic,Subspecies,SpeciesID,SubspeciesID,QuadratName,QuadratID,PX,PY,QX,QY,TreeID,Tag,StemID,StemNumber,StemTag,PrimaryStem,CensusID,PlotCensusNumber,DBH,HOM,ExactDate,Date,ListOfTSM,HighHOM,LargeStem,Status
385164,luquillo,1,Rubiaceae,Psychotria,brachiata,PSYBRA,NA,185,NA,621,326,118.96,413.64,18.96,13.64,1990,102244,2419,0,102244,NA,4,4,NA,NA,2006-11-17,17122,MAIN;DEADT,1,NA,dead
385261,luquillo,1,Urticaceae,Cecropia,schreberiana,CECSCH,NA,74,NA,621,326,109.4,410.52,9.4,10.52,2177,102466,114525,0,154442,NA,4,4,NA,NA,2006-11-17,17122,SPROUT;LS,1,NA,stem dead
384600,luquillo,1,Rubiaceae,Psychotria,brachiata,PSYBRA,NA,185,NA,721,327,132.91,415.9,12.91,15.9,797,100889,981,0,100888,NA,4,4,NA,NA,2006-11-21,17126,SPROUT;LS,1,NA,stem dead
608789,luquillo,1,Rubiaceae,Psychotria,berteroana,PSYBER,NA,184,NA,621,326,116.6,411.58,16.6,11.58,124957,175166,163153,0,175166,NA,6,6,34.6,1.3,2016-07-27,20662,MAIN;A,1,NA,alive
388579,luquillo,1,Arecaceae,Prestoea,acuminata,PREMON,NA,182,NA,622,342,112.55,423.62,12.55,3.62,84880,110271,103483,0,110271,NA,4,4,171,1.3,2006-11-17,17122,MAIN;A,1,NA,alive
384626,luquillo,1,Araliaceae,Schefflera,morototoni,SCHMOR,NA,196,NA,721,327,133.87,419.88,13.87,19.88,862,100964,1068,0,100964,NA,4,4,NA,NA,2006-11-21,17126,MAIN;DEADT,1,NA,dead
410958,luquillo,1,Rubiaceae,Psychotria,brachiata,PSYBRA,NA,185,NA,721,327,139.84,406.38,19.84,6.38,108712,154949,143443,0,154949,NA,4,4,NA,NA,2006-11-22,17127,MAIN;DEADT,1,NA,dead
385102,luquillo,1,Piperaceae,Piper,glabrescens,PIPGLA,NA,174,NA,621,326,103.95,410.91,3.95,10.91,1848,102088,2248,0,102088,NA,4,4,NA,NA,2006-11-16,17121,MAIN;DEADT,1,NA,dead
353163,luquillo,1,Arecaceae,Prestoea,acuminata,PREMON,NA,182,NA,722,343,124.52,422.68,4.52,2.68,26708,17576,33769,0,17576,NA,4,4,163,1.35,2006-11-20,17125,MAIN;A,1,NA,alive
481018,luquillo,1,Salicaceae,Casearia,arborea,CASARB,NA,70,NA,622,342,114.61,439.56,14.61,19.56,109413,156180,144222,0,156180,NA,5,5,36.2,1.3,2012-01-31,19023,MAIN;A,1,NA,alive
388209,luquillo,1,Rubiaceae,Psychotria,berteroana,PSYBER,NA,184,NA,722,343,124.2,422.28,4.2,2.28,7948,109354,9900,0,109354,NA,4,4,NA,NA,2006-11-20,17125,MAIN;DEADT,1,NA,dead
395113,luquillo,1,Fabaceae-mimosoideae,Inga,laurina,INGLAU,NA,128,NA,721,327,132.96,412.58,12.96,12.58,85900,127537,104582,0,127537,NA,4,4,32,1.3,2006-11-21,17126,MAIN;A,1,NA,alive
481011,luquillo,1,Lauraceae,Ocotea,leucoxylon,OCOLEU,NA,161,NA,622,342,113.35,428.78,13.35,8.78,109404,156148,144212,0,156148,NA,5,5,NA,NA,2012-01-31,19023,MAIN;A;LS;B,1,NA,broken below
388600,luquillo,1,Elaeocarpaceae,Sloanea,berteroana,SLOBER,NA,198,NA,622,342,100.55,428.35,0.55,8.35,8720,110304,10942,0,110306,NA,4,4,59,1.3,2006-11-17,17122,SPROUT;A,1,NA,alive
611679,luquillo,1,Salicaceae,Casearia,arborea,CASARB,NA,70,NA,722,343,137.66,433.5,17.66,13.5,109504,156351,144321,0,156351,NA,6,6,NA,NA,2016-08-16,20682,MAIN;DEADT;ST,1,NA,dead
467128,luquillo,1,Arecaceae,Prestoea,acuminata,PREMON,NA,182,NA,621,326,104.6,409.67,4.6,9.67,84796,102507,103399,0,102507,NA,5,5,172,1.3,2012-01-30,19022,MAIN;A,1,NA,alive
480517,luquillo,1,Araliaceae,Schefflera,morototoni,SCHMOR,NA,196,NA,621,326,109,404.05,9,4.05,108371,154476,143034,0,154476,NA,5,5,45.3,1.3,2012-01-30,19022,MAIN;A,1,NA,alive
608670,luquillo,1,Rubiaceae,Psychotria,brachiata,PSYBRA,NA,185,NA,621,326,100.71,403.51,0.71,3.51,2197,102490,2693,0,102490,NA,6,6,NA,NA,2016-07-21,20656,MAIN;DEADT;B,1,NA,dead
611461,luquillo,1,Salicaceae,Casearia,arborea,CASARB,NA,70,NA,721,327,129.13,410.85,9.13,10.85,85908,127557,104591,0,127557,NA,6,6,149,1.34,2016-07-28,20663,MAIN;A;C,1,NA,alive
488850,luquillo,1,Meliaceae,Guarea,guidonia,GUAGUI,NA,117,NA,721,327,121.02,406.99,1.02,6.99,124966,175175,163162,0,175175,NA,5,5,14.6,1.3,2012-01-30,19022,MAIN;A,1,NA,alive
411797,luquillo,1,Rubiaceae,Psychotria,brachiata,PSYBRA,NA,185,NA,722,343,125.59,433.83,5.59,13.83,109470,156275,144284,0,156275,NA,4,4,NA,NA,2006-11-21,17126,MAIN;A;LS;B,1,NA,broken below
385089,luquillo,1,Elaeocarpaceae,Sloanea,berteroana,SLOBER,NA,198,NA,621,326,104.19,405.2,4.19,5.2,1812,102044,2206,0,102044,NA,4,4,43.9,1.24,2006-11-16,17121,MAIN;A,1,NA,alive
608903,luquillo,1,Salicaceae,Casearia,arborea,CASARB,NA,70,NA,622,342,114.26,431.24,14.26,11.24,8637,110191,10817,0,110191,NA,6,6,51,1.3,2016-08-15,20681,MAIN;A,1,NA,alive
480636,luquillo,1,Salicaceae,Casearia,arborea,CASARB,NA,70,NA,721,327,134.25,403.99,14.25,3.99,108655,154875,143381,0,154875,NA,5,5,22.3,1.3,2012-01-31,19023,MAIN;A,1,NA,alive
466782,luquillo,1,Urticaceae,Cecropia,schreberiana,CECSCH,NA,74,NA,721,327,134.01,410.95,14.01,10.95,770,100854,156134,0,172306,NA,5,5,NA,NA,2012-01-31,19023,SPROUT;LS,1,NA,stem dead
619282,luquillo,1,Rubiaceae,Psychotria,berteroana,PSYBER,NA,184,NA,721,327,120.51,405.27,0.51,5.27,126445,177885,166019,0,177885,NA,6,6,10.7,1.3,2016-07-28,20663,MAIN;A,1,NA,alive
410673,luquillo,1,Rubiaceae,Psychotria,berteroana,PSYBER,NA,184,NA,621,326,116.35,408.88,16.35,8.88,108472,154628,143158,0,154629,NA,4,4,NA,NA,2006-11-17,17122,SPROUT;LS,1,NA,stem dead
410502,luquillo,1,Salicaceae,Casearia,arborea,CASARB,NA,70,NA,621,326,103.8,410.67,3.8,10.67,108334,154397,142987,0,154397,NA,4,4,33.9,1.3,2006-11-16,17121,MAIN;A,1,NA,alive
481052,luquillo,1,Salicaceae,Casearia,arborea,CASARB,NA,70,NA,722,343,129.06,421.04,9.06,1.04,109473,156283,144287,0,156283,NA,5,5,NA,NA,2012-02-01,19024,MAIN;A;LS;B,1,NA,broken below
467093,luquillo,1,Elaeocarpaceae,Sloanea,berteroana,SLOBER,NA,198,NA,621,326,115.43,419.21,15.43,19.21,2035,102305,2492,0,102305,NA,5,5,75,1.3,2012-01-30,19022,MAIN;A,1,NA,alive
467072,luquillo,1,Rubiaceae,Psychotria,brachiata,PSYBRA,NA,185,NA,621,326,103.98,419.91,3.98,19.91,1929,102176,2345,0,102176,NA,5,5,NA,NA,2012-01-30,19022,MAIN;A;LS;B,1,NA,broken below
410967,luquillo,1,Piperaceae,Piper,glabrescens,PIPGLA,NA,174,NA,721,327,138.78,405.27,18.78,5.27,108716,154956,143452,0,154958,NA,4,4,NA,NA,2006-11-22,17127,SPROUT;LS,1,NA,stem dead
411714,luquillo,1,Rubiaceae,Psychotria,brachiata,PSYBRA,NA,185,NA,622,342,107.41,425.37,7.41,5.37,109392,156118,144200,0,156121,NA,4,4,NA,NA,2006-11-17,17122,SPROUT;LS,1,NA,stem dead
611492,luquillo,1,Salicaceae,Casearia,arborea,CASARB,NA,70,NA,721,327,131.91,404.01,11.91,4.01,108670,154891,143397,0,154891,NA,6,6,105,1.3,2016-07-28,20663,MAIN;A,1,NA,alive
611391,luquillo,1,Fabaceae-mimosoideae,Inga,laurina,INGLAU,NA,128,NA,721,327,122.34,404.02,2.34,4.02,124964,175173,163160,0,175173,NA,6,6,20.6,1.33,2016-07-27,20662,MAIN;A,1,NA,alive
611588,luquillo,1,Burseraceae,Tetragastris,balsamifera,TETBAL,NA,207,NA,722,343,122.93,430.16,2.93,10.16,109453,156247,144265,0,156247,NA,6,6,28.4,1.3,2016-08-15,20681,MAIN;A,1,NA,alive
611662,luquillo,1,Moraceae,Ficus,spp,FICSPP,NA,112,NA,722,343,135.73,425.56,15.73,5.56,26724,17595,33788,0,17595,NA,6,6,541,2.8,2016-08-16,20682,MAIN;A,1,NA,alive
410594,luquillo,1,Piperaceae,Piper,hispidum,PIPHIS,NA,175,NA,621,326,114.58,410.28,14.58,10.28,108411,154536,143079,0,154536,NA,4,4,NA,NA,2006-11-17,17122,MAIN;DEADT,1,NA,dead
486875,luquillo,1,Salicaceae,Casearia,arborea,CASARB,NA,70,NA,721,327,126.73,400.45,6.73,0.45,108623,154834,161187,0,175190,NA,5,5,12.7,1.3,2012-01-31,19023,SPROUT;A,1,NA,alive
410798,luquillo,1,Rubiaceae,Psychotria,brachiata,PSYBRA,NA,185,NA,721,327,122.41,413.04,2.41,13.04,108568,154757,143283,0,154757,NA,4,4,NA,NA,2006-11-20,17125,MAIN;DEADT,1,NA,dead
410827,luquillo,1,Rubiaceae,Psychotria,berteroana,PSYBER,NA,184,NA,721,327,129.09,419.84,9.09,19.84,108595,154791,143312,0,154791,NA,4,4,NA,NA,2006-11-20,17125,MAIN;DEADT,1,NA,dead
608717,luquillo,1,Araliaceae,Schefflera,morototoni,SCHMOR,NA,196,NA,621,326,109,404.05,9,4.05,108371,154476,143034,0,154476,NA,6,6,NA,NA,2016-07-27,20662,MAIN;DEADT,1,NA,dead
385115,luquillo,1,Rubiaceae,Psychotria,brachiata,PSYBRA,NA,185,NA,621,326,102.46,410.11,2.46,10.11,1849,102089,114447,0,154400,NA,4,4,NA,NA,2006-11-16,17121,SPROUT;LS,1,NA,stem dead
608948,luquillo,1,Salicaceae,Casearia,arborea,CASARB,NA,70,NA,622,342,116.87,434.53,16.87,14.53,109433,156213,144242,0,156213,NA,6,6,NA,NA,2016-08-15,20681,MAIN;DEADT,1,NA,dead
425448,luquillo,1,Salicaceae,Casearia,arborea,CASARB,NA,70,NA,722,343,137.29,429.75,17.29,9.75,122391,172679,159594,0,172679,NA,4,4,10.5,1.3,2006-11-21,17126,MAIN;A,1,NA,alive
486680,luquillo,1,Salicaceae,Casearia,arborea,CASARB,NA,70,NA,622,342,111.5,436.13,11.5,16.13,8614,110151,160992,0,175315,NA,5,5,19.4,1.3,2012-01-31,19023,SPROUT;A,1,NA,alive
608956,luquillo,1,Urticaceae,Cecropia,schreberiana,CECSCH,NA,74,NA,622,342,117.36,436.37,17.36,16.37,8428,109915,10518,0,109915,NA,6,6,NA,NA,2016-08-15,20681,MAIN;DEADT,1,NA,dead
384647,luquillo,1,Rubiaceae,Psychotria,berteroana,PSYBER,NA,184,NA,721,327,129.37,415.64,9.37,15.64,896,100999,114207,0,154788,NA,4,4,30,1.3,2006-11-20,17125,SPROUT;A,1,NA,alive
422361,luquillo,1,Salicaceae,Casearia,arborea,CASARB,NA,70,NA,721,327,136.95,405.87,16.95,5.87,108719,154965,156507,0,172313,NA,4,4,15.9,1.3,2006-11-22,17127,SPROUT;A,1,NA,alive
468994,luquillo,1,Rubiaceae,Psychotria,brachiata,PSYBRA,NA,185,NA,622,342,112.93,425.71,12.93,5.71,8661,110222,10855,0,110225,NA,5,5,NA,NA,2012-01-31,19023,SPROUT;LS,1,NA,stem dead
410470,luquillo,1,Boraginaceae,Cordia,borinquensis,CORBOR,NA,93,NA,621,326,101.16,402.26,1.16,2.26,108305,154347,142955,0,154347,NA,4,4,NA,NA,2006-11-16,17121,MAIN;DEADT,1,NA,dead
611496,luquillo,1,Urticaceae,Cecropia,schreberiana,CECSCH,NA,74,NA,721,327,130.69,408.78,10.69,8.78,26163,17019,33042,0,17019,NA,6,6,NA,NA,2016-07-29,20664,MAIN;DEADT;B,1,NA,dead
611471,luquillo,1,Lauraceae,Ocotea,leucoxylon,OCOLEU,NA,161,NA,721,327,125.2,415.75,5.2,15.75,85906,127555,104589,0,127555,NA,6,6,33.9,1.3,2016-07-28,20663,MAIN;A,1,NA,alive
619245,luquillo,1,Piperaceae,Piper,glabrescens,PIPGLA,NA,174,NA,621,326,118.29,410.39,18.29,10.39,126413,177842,165982,0,177842,NA,6,6,12.5,1.3,2016-07-27,20662,MAIN;A,1,NA,alive
388098,luquillo,1,Rubiaceae,Psychotria,brachiata,PSYBRA,NA,185,NA,722,343,135.25,439.74,15.25,19.74,7693,109036,115842,0,156339,NA,4,4,NA,NA,2006-11-21,17126,SPROUT;LS,1,NA,stem dead
410978,luquillo,1,Salicaceae,Casearia,arborea,CASARB,NA,70,NA,721,327,139.02,404.31,19.02,4.31,108727,154973,143463,0,154973,NA,4,4,43.7,1.3,2006-11-22,17127,MAIN;A,1,NA,alive
385228,luquillo,1,Rubiaceae,Psychotria,brachiata,PSYBRA,NA,185,NA,621,326,112.52,400.61,12.52,0.61,2105,102380,114502,0,154483,NA,4,4,NA,NA,2006-11-17,17122,SPROUT;LS,1,NA,stem dead
619231,luquillo,1,Rubiaceae,Psychotria,berteroana,PSYBER,NA,184,NA,621,326,114.39,412,14.39,12,126401,177824,165968,0,177824,NA,6,6,29.8,1.3,2016-07-27,20662,MAIN;A,1,NA,alive
411744,luquillo,1,Salicaceae,Casearia,arborea,CASARB,NA,70,NA,622,342,117.43,435.55,17.43,15.55,109422,156195,144231,0,156195,NA,4,4,33.1,1.3,2006-11-20,17125,MAIN;A,1,NA,alive
388201,luquillo,1,Salicaceae,Laetia,procera,LAEPRO,NA,131,NA,722,343,120.75,434.29,0.75,14.29,7928,109333,9876,0,109333,NA,4,4,172,1.3,2006-11-20,17125,MAIN;A,1,NA,alive
608780,luquillo,1,Melastomataceae,Miconia,prasina,MICPRA,NA,146,NA,621,326,117.58,414.77,17.58,14.77,108446,154591,143121,0,154591,NA,6,6,NA,NA,2016-07-27,20662,MAIN;A;LS;B,1,NA,broken below
467037,luquillo,1,Elaeocarpaceae,Sloanea,berteroana,SLOBER,NA,198,NA,621,326,104.19,405.2,4.19,5.2,1812,102044,2206,0,102044,NA,5,5,46.7,1.24,2012-01-30,19022,MAIN;A,1,NA,alive
410593,luquillo,1,Rubiaceae,Psychotria,berteroana,PSYBER,NA,184,NA,621,326,113.27,410.48,13.27,10.48,108410,154535,143078,0,154535,NA,4,4,NA,NA,2006-11-17,17122,MAIN;DEADT,1,NA,dead
395110,luquillo,1,Rubiaceae,Psychotria,berteroana,PSYBER,NA,184,NA,721,327,130.69,414.19,10.69,14.19,85898,127534,104580,0,127535,NA,4,4,NA,NA,2006-11-21,17126,SPROUT;LS,1,NA,stem dead
611624,luquillo,1,Elaeocarpaceae,Sloanea,berteroana,SLOBER,NA,198,NA,722,343,128.19,436.82,8.19,16.82,109468,156269,144282,0,156269,NA,6,6,136,1.3,2016-08-15,20681,MAIN;A,1,NA,alive
410568,luquillo,1,Piperaceae,Piper,glabrescens,PIPGLA,NA,174,NA,621,326,110.65,408.45,10.65,8.45,108389,154509,143053,0,154509,NA,4,4,NA,NA,2006-11-17,17122,MAIN;DEADT,1,NA,dead
608904,luquillo,1,Salicaceae,Casearia,arborea,CASARB,NA,70,NA,622,342,113.2,434.83,13.2,14.83,8617,110169,116014,0,156167,NA,6,6,NA,NA,2016-08-15,20681,SPROUT;LS;B,1,NA,broken below
611452,luquillo,1,Rubiaceae,Psychotria,berteroana,PSYBER,NA,184,NA,721,327,129.5,405.6,9.5,5.6,122193,172296,159391,0,172296,NA,6,6,NA,NA,2016-07-28,20663,MAIN;DEADT,1,NA,dead
619221,luquillo,1,Rubiaceae,Psychotria,berteroana,PSYBER,NA,184,NA,621,326,111.7,406.04,11.7,6.04,126391,177814,165958,0,177814,NA,6,6,14,1.3,2016-07-27,20662,MAIN;A,1,NA,alive
468801,luquillo,1,Urticaceae,Cecropia,schreberiana,CECSCH,NA,74,NA,722,343,133.65,439.6,13.65,19.6,7703,109048,9564,0,109048,NA,5,5,177,1.25,2012-02-01,19024,MAIN;A,1,NA,alive
467065,luquillo,1,Araliaceae,Schefflera,morototoni,SCHMOR,NA,196,NA,721,327,124.16,401.76,4.16,1.76,1922,102165,2334,0,102165,NA,5,5,NA,NA,2012-01-30,19022,MAIN;DEADT,1,NA,dead
466778,luquillo,1,Salicaceae,Casearia,arborea,CASARB,NA,70,NA,721,327,133.06,402.79,13.06,2.79,743,100816,114181,0,154856,NA,5,5,41.5,1.3,2012-01-31,19023,SPROUT;A,1,NA,alive
611541,luquillo,1,Rubiaceae,Psychotria,brachiata,PSYBRA,NA,185,NA,721,327,139.68,406.11,19.68,6.11,108713,154950,143444,0,154950,NA,6,6,18.9,1.3,2016-07-29,20664,MAIN;A,1,NA,alive
411831,luquillo,1,Salicaceae,Casearia,sylvestris,CASSYL,NA,73,NA,722,343,137.61,432.86,17.61,12.86,109501,156348,144318,0,156348,NA,4,4,12.5,1.3,2006-11-21,17126,MAIN;A,1,NA,alive
410860,luquillo,1,Rubiaceae,Psychotria,brachiata,PSYBRA,NA,185,NA,721,327,128.41,401.59,8.41,1.59,108621,154828,143345,0,154829,NA,4,4,NA,NA,2006-11-21,17126,SPROUT;LS,1,NA,stem dead
411722,luquillo,1,Piperaceae,Piper,glabrescens,PIPGLA,NA,174,NA,622,342,106.75,424.74,6.75,4.74,109400,156135,144208,0,156135,NA,4,4,NA,NA,2006-11-17,17122,MAIN;DEADT,1,NA,dead
385128,luquillo,1,Araliaceae,Schefflera,morototoni,SCHMOR,NA,196,NA,721,327,121.32,417.74,1.32,17.74,1885,102126,2291,0,102126,NA,4,4,73,1.3,2006-11-20,17125,MAIN;A,1,NA,alive
410697,luquillo,1,Piperaceae,Piper,glabrescens,PIPGLA,NA,174,NA,721,327,122.2,401.16,2.2,1.16,108494,154655,143182,0,154655,NA,4,4,NA,NA,2006-11-20,17125,MAIN;DEADT,1,NA,dead
411712,luquillo,1,Rubiaceae,Psychotria,brachiata,PSYBRA,NA,185,NA,622,342,107.41,425.37,7.41,5.37,109392,156118,144198,0,156119,NA,4,4,NA,NA,2006-11-17,17122,SPROUT;LS,1,NA,stem dead
608857,luquillo,1,Rubiaceae,Psychotria,brachiata,PSYBRA,NA,185,NA,622,342,107.09,429.39,7.09,9.39,125029,175310,163227,0,175310,NA,6,6,14.5,1.3,2016-08-15,20681,MAIN;A,1,NA,alive
410489,luquillo,1,Salicaceae,Casearia,arborea,CASARB,NA,70,NA,621,326,117.3,400.45,17.3,0.45,108322,154368,142974,0,154368,NA,4,4,29.5,1.3,2006-11-17,17122,MAIN;A,1,NA,alive
411843,luquillo,1,Rubiaceae,Psychotria,berteroana,PSYBER,NA,184,NA,722,343,139.3,429.02,19.3,9.02,109511,156360,144330,0,156360,NA,4,4,NA,NA,2006-11-21,17126,MAIN;DEADT,1,NA,dead
444615,luquillo,1,Arecaceae,Prestoea,acuminata,PREMON,NA,182,NA,722,343,127.25,423.92,7.25,3.92,26719,17587,33780,0,17587,NA,5,5,137,1.3,2012-02-01,19024,MAIN;A,1,NA,alive
467108,luquillo,1,Urticaceae,Cecropia,schreberiana,CECSCH,NA,74,NA,621,326,111,400.46,11,0.46,2103,102379,2570,0,102379,NA,5,5,146,1.35,2012-01-30,19022,MAIN;A,1,NA,alive
410628,luquillo,1,Rubiaceae,Psychotria,berteroana,PSYBER,NA,184,NA,621,326,115.46,411.68,15.46,11.68,108440,154583,143113,0,154583,NA,4,4,NA,NA,2006-11-17,17122,MAIN;DEADT,1,NA,dead
352717,luquillo,1,Fabaceae-mimosoideae,Inga,laurina,INGLAU,NA,128,NA,621,326,116.5,403.49,16.5,3.49,26145,16997,33024,0,16997,NA,4,4,448,1.5,2006-11-17,17122,MAIN;A,1,NA,alive
480640,luquillo,1,Rubiaceae,Psychotria,brachiata,PSYBRA,NA,185,NA,721,327,130.3,403.6,10.3,3.6,108668,154889,143395,0,154889,NA,5,5,NA,NA,2012-01-31,19023,MAIN;A;LS;B,1,NA,broken below
410553,luquillo,1,Salicaceae,Casearia,arborea,CASARB,NA,70,NA,621,326,110.63,401,10.63,1,108375,154491,143038,0,154491,NA,4,4,16.2,1.3,2006-11-17,17122,MAIN;A,1,NA,alive
410924,luquillo,1,Salicaceae,Casearia,arborea,CASARB,NA,70,NA,721,327,133.42,416.7,13.42,16.7,108682,154913,143409,0,154913,NA,4,4,NA,NA,2006-11-21,17126,MAIN;DEADT,1,NA,dead
611607,luquillo,1,Meliaceae,Trichilia,pallida,TRIPAL,NA,210,NA,722,343,128.61,425.23,8.61,5.23,85877,127499,104557,0,127499,NA,6,6,NA,NA,2016-08-15,20681,MAIN;A;LS;B,1,NA,broken below
611634,luquillo,1,Meliaceae,Guarea,guidonia,GUAGUI,NA,117,NA,722,343,134.72,429.69,14.72,9.69,7758,109137,9662,0,109137,NA,6,6,227,1.27,2016-08-15,20681,MAIN;A,1,NA,alive
388478,luquillo,1,Rubiaceae,Psychotria,brachiata,PSYBRA,NA,185,NA,622,342,109.63,424.8,9.63,4.8,8540,110048,115999,0,156142,NA,4,4,NA,NA,2006-11-17,17122,SPROUT;LS,1,NA,stem dead
611530,luquillo,1,Araliaceae,Schefflera,morototoni,SCHMOR,NA,196,NA,721,327,138.88,403.65,18.88,3.65,108728,154978,143464,0,154978,NA,6,6,178,1.3,2016-07-29,20664,MAIN;A,1,NA,alive
410774,luquillo,1,Rubiaceae,Psychotria,berteroana,PSYBER,NA,184,NA,721,327,120.84,411.62,0.84,11.62,108552,154733,143259,0,154733,NA,4,4,NA,NA,2006-11-20,17125,MAIN;DEADT,1,NA,dead
384604,luquillo,1,Rubiaceae,Psychotria,brachiata,PSYBRA,NA,185,NA,721,327,132.91,415.9,12.91,15.9,797,100889,114193,0,154909,NA,4,4,11.9,1.3,2006-11-21,17126,SPROUT;A,1,NA,alive
481079,luquillo,1,Piperaceae,Piper,glabrescens,PIPGLA,NA,174,NA,722,343,139.25,430.5,19.25,10.5,109509,156357,144327,0,156357,NA,5,5,NA,NA,2012-02-01,19024,MAIN;A;LS;B,1,NA,broken below
410970,luquillo,1,Salicaceae,Casearia,arborea,CASARB,NA,70,NA,721,327,136.95,405.87,16.95,5.87,108719,154965,143455,0,154965,NA,4,4,23.6,1.3,2006-11-22,17127,MAIN;A;ST,1,NA,alive
619276,luquillo,1,Piperaceae,Piper,glabrescens,PIPGLA,NA,174,NA,721,327,121.8,408.27,1.8,8.27,126442,177879,166013,0,177879,NA,6,6,12.9,1.3,2016-07-28,20663,MAIN;A,1,NA,alive
388494,luquillo,1,Rubiaceae,Psychotria,brachiata,PSYBRA,NA,185,NA,622,342,114.17,437.51,14.17,17.51,8599,110134,10756,0,110134,NA,4,4,NA,NA,2006-11-20,17125,MAIN;DEADT,1,NA,dead
444597,luquillo,1,Euphorbiaceae,Alchornea,latifolia,ALCLAT,NA,58,NA,622,342,118.98,438.3,18.98,18.3,26693,17562,33754,0,17562,NA,5,5,180,1.45,2012-01-31,19023,MAIN;A,1,NA,alive
486874,luquillo,1,Salicaceae,Casearia,arborea,CASARB,NA,70,NA,721,327,128.26,405.09,8.26,5.09,108609,154815,161186,0,175187,NA,5,5,21.6,1.3,2012-01-31,19023,SPROUT;A,1,NA,alive
388104,luquillo,1,Euphorbiaceae,Alchornea,latifolia,ALCLAT,NA,58,NA,722,343,132.69,430.45,12.69,10.45,7718,109063,9580,0,109064,NA,4,4,162,1.3,2006-11-21,17126,SPROUT;A,1,NA,alive
608931,luquillo,1,Salicaceae,Casearia,arborea,CASARB,NA,70,NA,622,342,116.64,427.87,16.64,7.87,8489,109993,10602,0,109993,NA,6,6,206,1.25,2016-08-15,20681,MAIN;A,1,NA,alive
410788,luquillo,1,Piperaceae,Piper,glabrescens,PIPGLA,NA,174,NA,721,327,124.12,412.09,4.12,12.09,108559,154745,143273,0,154745,NA,4,4,NA,NA,2006-11-20,17125,MAIN;A;LS;B,1,NA,broken below
466800,luquillo,1,Rubiaceae,Psychotria,brachiata,PSYBRA,NA,185,NA,721,327,135.3,415.81,15.3,15.81,845,100947,114200,0,154922,NA,5,5,NA,NA,2012-01-31,19023,SPROUT;LS,1,NA,stem dead
480609,luquillo,1,Salicaceae,Casearia,arborea,CASARB,NA,70,NA,721,327,121.24,418.28,1.24,18.28,108584,154775,143301,0,154775,NA,5,5,68,1.3,2012-01-30,19022,MAIN;A,1,NA,alive
410746,luquillo,1,Rubiaceae,Psychotria,brachiata,PSYBRA,NA,185,NA,721,327,120.2,407.94,0.2,7.94,108530,154703,143231,0,154704,NA,4,4,NA,NA,2006-11-20,17125,SPROUT;LS,1,NA,stem dead
388491,luquillo,1,Melastomataceae,Miconia,prasina,MICPRA,NA,146,NA,622,342,110.86,436.98,10.86,16.98,8591,110126,116004,0,156190,NA,4,4,NA,NA,2006-11-20,17125,SPROUT;LS,1,NA,stem dead
410474,luquillo,1,Rubiaceae,Psychotria,berteroana,PSYBER,NA,184,NA,621,326,103.68,401.32,3.68,1.32,108309,154351,142959,0,154351,NA,4,4,NA,NA,2006-11-16,17121,MAIN;DEADT,1,NA,dead
385275,luquillo,1,Rubiaceae,Psychotria,brachiata,PSYBRA,NA,185,NA,621,326,100.71,403.51,0.71,3.51,2197,102490,114530,0,154334,NA,4,4,18,1.3,2006-11-16,17121,SPROUT;A,1,NA,alive
410911,luquillo,1,Rubiaceae,Psychotria,brachiata,PSYBRA,NA,185,NA,721,327,131.32,403.97,11.32,3.97,108669,154890,143396,0,154890,NA,4,4,11.9,1.3,2006-11-21,17126,MAIN;A,1,NA,alive
444591,luquillo,1,Arecaceae,Prestoea,acuminata,PREMON,NA,182,NA,622,342,103.32,422.51,3.32,2.51,26673,17541,33731,0,17541,NA,5,5,190,1.3,2012-01-31,19023,MAIN;A,1,NA,alive
395173,luquillo,1,Salicaceae,Casearia,arborea,CASARB,NA,70,NA,722,343,131.86,429.36,11.86,9.36,86042,127807,104735,0,127807,NA,4,4,100,1.3,2006-11-21,17126,MAIN;A;OP,1,NA,alive
385222,luquillo,1,Rubiaceae,Psychotria,brachiata,PSYBRA,NA,185,NA,621,326,110.98,403.03,10.98,3.03,2101,102376,2566,0,102375,NA,4,4,NA,NA,2006-11-17,17122,SPROUT;LS,1,NA,stem dead
619468,luquillo,1,Rubiaceae,Psychotria,berteroana,PSYBER,NA,184,NA,721,327,130.13,403.48,10.13,3.48,126625,178226,166205,0,178226,NA,6,6,10.8,1.3,2016-07-28,20663,MAIN;A,1,NA,alive
466780,luquillo,1,Piperaceae,Piper,glabrescens,PIPGLA,NA,174,NA,721,327,132.38,406.57,12.38,6.57,753,100834,924,0,100834,NA,5,5,NA,NA,2012-01-31,19023,MAIN;DEADT,1,NA,dead
410888,luquillo,1,Rubiaceae,Psychotria,berteroana,PSYBER,NA,184,NA,721,327,132.85,400.56,12.85,0.56,108647,154864,143373,0,154864,NA,4,4,29.7,1.3,2006-11-21,17126,MAIN;A,1,NA,alive
611618,luquillo,1,Salicaceae,Casearia,arborea,CASARB,NA,70,NA,722,343,129.96,436.42,9.96,16.42,7862,109263,9802,0,109263,NA,6,6,107,1.3,2016-08-15,20681,MAIN;A,1,NA,alive
618243,luquillo,1,Salicaceae,Casearia,arborea,CASARB,NA,70,NA,622,342,116.8,434.5,16.8,14.5,109424,156197,164980,0,178522,NA,6,6,15,1.3,2016-08-15,20681,SPROUT;A,1,NA,alive
618296,luquillo,1,Salicaceae,Casearia,arborea,CASARB,NA,70,NA,722,343,125.66,420.5,5.66,0.5,109474,156286,165033,0,178473,NA,6,6,13.5,1.3,2016-08-15,20681,SPROUT;A,1,NA,alive
485795,luquillo,1,Salicaceae,Casearia,arborea,CASARB,NA,70,NA,622,342,118.66,438,18.66,18,122385,172672,159588,0,172672,NA,5,5,16.3,1.3,2012-01-31,19023,MAIN;A,1,NA,alive
384577,luquillo,1,Rubiaceae,Psychotria,brachiata,PSYBRA,NA,185,NA,721,327,132.98,403.93,12.98,3.93,748,100825,915,0,100825,NA,4,4,NA,NA,2006-11-21,17126,MAIN;DEADT,1,NA,dead
384609,luquillo,1,Rubiaceae,Palicourea,croceoides,PALRIP,NA,169,NA,721,327,131.02,417.35,11.02,17.35,806,100899,114196,0,154912,NA,4,4,14.8,1.3,2006-11-21,17126,SPROUT;A;ST,1,NA,alive
480516,luquillo,1,Rubiaceae,Psychotria,brachiata,PSYBRA,NA,185,NA,621,326,107.73,405.31,7.73,5.31,108365,154468,143028,0,154468,NA,5,5,18.1,1.3,2012-01-30,19022,MAIN;A,1,NA,alive
481075,luquillo,1,Salicaceae,Casearia,sylvestris,CASSYL,NA,73,NA,722,343,137.61,432.86,17.61,12.86,109501,156348,144318,0,156348,NA,5,5,14.6,1.3,2012-02-01,19024,MAIN;A,1,NA,alive
388057,luquillo,1,Fabaceae-mimosoideae,Inga,vera,INGVER,NA,129,NA,722,343,138.57,425.7,18.57,5.7,7620,108954,9460,0,108954,NA,4,4,103,1.3,2006-11-21,17126,MAIN;A,1,NA,alive
469040,luquillo,1,Salicaceae,Casearia,arborea,CASARB,NA,70,NA,622,342,106.05,429.95,6.05,9.95,8799,110401,11042,0,110401,NA,5,5,188,1.3,2012-01-31,19023,MAIN;A,1,NA,alive
481034,luquillo,1,Salicaceae,Casearia,arborea,CASARB,NA,70,NA,622,342,116.92,428.59,16.92,8.59,109437,156221,144247,0,156222,NA,5,5,NA,NA,2012-01-31,19023,SPROUT;LS;B,1,NA,broken below
619283,luquillo,1,Piperaceae,Piper,glabrescens,PIPGLA,NA,174,NA,721,327,122.46,405.1,2.46,5.1,126446,177886,166020,0,177886,NA,6,6,11.5,1.3,2016-07-28,20663,MAIN;A,1,NA,alive
468806,luquillo,1,Euphorbiaceae,Alchornea,latifolia,ALCLAT,NA,58,NA,722,343,132.69,430.45,12.69,10.45,7718,109063,9580,0,109064,NA,5,5,NA,NA,2012-02-01,19024,SPROUT;LS,1,NA,stem dead
388509,luquillo,1,Salicaceae,Casearia,arborea,CASARB,NA,70,NA,622,342,111.5,436.13,11.5,16.13,8614,110151,116011,0,156175,NA,4,4,NA,NA,2006-11-20,17125,SPROUT;LS,1,NA,stem dead
410817,luquillo,1,Rubiaceae,Psychotria,brachiata,PSYBRA,NA,185,NA,721,327,123.05,417.93,3.05,17.93,108585,154776,143302,0,154776,NA,4,4,11.3,1.3,2006-11-20,17125,MAIN;A,1,NA,alive
480599,luquillo,1,Rubiaceae,Psychotria,berteroana,PSYBER,NA,184,NA,721,327,122.95,413.22,2.95,13.22,108562,154748,143276,0,154748,NA,5,5,44.4,1.3,2012-01-30,19022,MAIN;A,1,NA,alive
608944,luquillo,1,Lauraceae,Ocotea,leucoxylon,OCOLEU,NA,161,NA,622,342,115.57,433.36,15.57,13.36,8474,109974,10582,0,109974,NA,6,6,36.1,1.3,2016-08-15,20681,MAIN;A,1,NA,alive
608727,luquillo,1,Lauraceae,Nectandra,turbacensis,OCOSIN,NA,164,NA,621,326,107.69,413.64,7.69,13.64,2172,102458,2657,0,102458,NA,6,6,43.4,1.3,2016-07-27,20662,MAIN;A,1,NA,alive
411798,luquillo,1,Meliaceae,Guarea,guidonia,GUAGUI,NA,117,NA,722,343,128.71,420.56,8.71,0.56,109471,156281,144285,0,156281,NA,4,4,16.5,1.3,2006-11-21,17126,MAIN;A,1,NA,alive
480615,luquillo,1,Fabaceae-mimosoideae,Inga,laurina,INGLAU,NA,128,NA,721,327,127.02,415.57,7.02,15.57,108605,154810,143327,0,154810,NA,5,5,28.7,1.3,2012-01-31,19023,MAIN;A,1,NA,alive
385204,luquillo,1,Urticaceae,Cecropia,schreberiana,CECSCH,NA,74,NA,621,326,114.55,416.66,14.55,16.66,2061,102333,2521,0,102333,NA,4,4,208,1.67,2006-11-17,17122,MAIN;A,1,NA,alive
388217,luquillo,1,Urticaceae,Cecropia,schreberiana,CECSCH,NA,74,NA,722,343,123.76,428.55,3.76,8.55,7963,109376,9922,0,109376,NA,4,4,NA,NA,2006-11-20,17125,MAIN;DEADT,1,NA,dead
410708,luquillo,1,Piperaceae,Piper,glabrescens,PIPGLA,NA,174,NA,721,327,122.45,404.86,2.45,4.86,108505,154666,143193,0,154666,NA,4,4,NA,NA,2006-11-20,17125,MAIN;DEADT,1,NA,dead
467101,luquillo,1,Araliaceae,Schefflera,morototoni,SCHMOR,NA,196,NA,621,326,111.92,404.58,11.92,4.58,2088,102361,2551,0,102361,NA,5,5,124,1.37,2012-01-30,19022,MAIN;A,1,NA,alive
388135,luquillo,1,Rubiaceae,Psychotria,brachiata,PSYBRA,NA,185,NA,722,343,130.41,422.61,10.41,2.61,7771,109155,9682,0,109155,NA,4,4,NA,NA,2006-11-21,17126,MAIN;DEADT,1,NA,dead
468974,luquillo,1,Arecaceae,Prestoea,acuminata,PREMON,NA,182,NA,622,342,112.17,437.22,12.17,17.22,94602,110143,127952,0,110143,NA,5,5,153,1.3,2012-01-31,19023,MAIN;A,1,NA,alive
608695,luquillo,1,Arecaceae,Prestoea,acuminata,PREMON,NA,182,NA,621,326,102.94,419.83,2.94,19.83,26123,16975,32997,0,16975,NA,6,6,166,1.29,2016-07-21,20656,MAIN;A,1,NA,alive
388454,luquillo,1,Melastomataceae,Miconia,prasina,MICPRA,NA,146,NA,622,342,115.96,427.24,15.96,7.24,8480,109982,10591,0,109982,NA,4,4,NA,NA,2006-11-20,17125,MAIN;DEADT,1,NA,dead
411738,luquillo,1,Salicaceae,Laetia,procera,LAEPRO,NA,131,NA,622,342,112.44,438.76,12.44,18.76,109416,156183,144225,0,156183,NA,4,4,NA,NA,2006-11-20,17125,MAIN;DEADT,1,NA,dead
388660,luquillo,1,Euphorbiaceae,Alchornea,latifolia,ALCLAT,NA,58,NA,622,342,108.98,435.82,8.98,15.82,8836,110451,11093,0,110451,NA,4,4,NA,NA,2006-11-17,17122,MAIN;DEADT,1,NA,dead
468790,luquillo,1,Arecaceae,Prestoea,acuminata,PREMON,NA,182,NA,722,343,138.7,435.23,18.7,15.23,7643,108975,9483,0,108975,NA,5,5,187,1.3,2012-02-01,19024,MAIN;A,1,NA,alive
388564,luquillo,1,Salicaceae,Casearia,arborea,CASARB,NA,70,NA,622,342,113.47,423.16,13.47,3.16,8677,110251,10884,0,110251,NA,4,4,NA,NA,2006-11-17,17122,MAIN;DEADT,1,NA,dead
608733,luquillo,1,Rubiaceae,Psychotria,berteroana,PSYBER,NA,184,NA,621,326,105.57,416.22,5.57,16.22,108353,154433,143009,0,154433,NA,6,6,40.1,1.3,2016-07-27,20662,MAIN;A,1,NA,alive
611573,luquillo,1,Arecaceae,Prestoea,acuminata,PREMON,NA,182,NA,722,343,123.04,424.41,3.04,4.41,120373,156229,157481,0,156229,NA,6,6,121,1.25,2016-08-15,20681,MAIN;A,1,NA,alive
385203,luquillo,1,Rubiaceae,Psychotria,brachiata,PSYBRA,NA,185,NA,621,326,114.8,418.97,14.8,18.97,2056,102327,114492,0,127701,NA,4,4,NA,NA,2006-11-17,17122,SPROUT;LS,1,NA,stem dead
410641,luquillo,1,Rubiaceae,Psychotria,berteroana,PSYBER,NA,184,NA,621,326,117.87,411.47,17.87,11.47,108448,154596,143126,0,154596,NA,4,4,62,1.35,2006-11-17,17122,MAIN;A,1,NA,alive
411000,luquillo,1,Rubiaceae,Psychotria,berteroana,PSYBER,NA,184,NA,721,327,138.58,401.7,18.58,1.7,108742,154999,143485,0,155000,NA,4,4,NA,NA,2006-11-22,17127,SPROUT;LS,1,NA,stem dead
608823,luquillo,1,Elaeocarpaceae,Sloanea,berteroana,SLOBER,NA,198,NA,622,342,103.17,426.55,3.17,6.55,8720,110304,116050,0,156063,NA,6,6,52,1.3,2016-08-15,20681,SPROUT;A,1,NA,alive
466771,luquillo,1,Euphorbiaceae,Alchornea,latifolia,ALCLAT,NA,58,NA,721,327,132.14,401.82,12.14,1.82,738,100810,899,0,100810,NA,5,5,NA,NA,2012-01-31,19023,MAIN;DEADT,1,NA,dead
468791,luquillo,1,Boraginaceae,Cordia,borinquensis,CORBOR,NA,93,NA,722,343,138.56,434.01,18.56,14.01,7645,108977,9485,0,108977,NA,5,5,51,1.3,2012-02-01,19024,MAIN;A,1,NA,alive
481074,luquillo,1,Salicaceae,Casearia,sylvestris,CASSYL,NA,73,NA,722,343,135.18,433.66,15.18,13.66,109500,156344,144317,0,156344,NA,5,5,14.8,1.3,2012-02-01,19024,MAIN;A,1,NA,alive
410938,luquillo,1,Rubiaceae,Psychotria,brachiata,PSYBRA,NA,185,NA,721,327,135.6,411.96,15.6,11.96,108694,154928,143423,0,154929,NA,4,4,NA,NA,2006-11-22,17127,SPROUT;LS,1,NA,stem dead
466768,luquillo,1,Lauraceae,Ocotea,leucoxylon,OCOLEU,NA,161,NA,721,327,126.5,411.04,6.5,11.04,725,100799,885,0,100799,NA,5,5,NA,NA,2012-01-31,19023,MAIN;DEADT;B,1,NA,dead
385185,luquillo,1,Urticaceae,Cecropia,schreberiana,CECSCH,NA,74,NA,621,326,116.06,418.33,16.06,18.33,2026,102298,2483,0,102298,NA,4,4,NA,NA,2006-11-17,17122,MAIN;A;LS;B,1,NA,broken below
411814,luquillo,1,Boraginaceae,Cordia,borinquensis,CORBOR,NA,93,NA,722,343,132.98,430.75,12.98,10.75,109485,156319,144301,0,156319,NA,4,4,NA,NA,2006-11-21,17126,MAIN;DEADT,1,NA,dead
473139,luquillo,1,Urticaceae,Cecropia,schreberiana,CECSCH,NA,74,NA,722,343,133.87,427.72,13.87,7.72,86041,127806,104734,0,127806,NA,5,5,271,1.3,2012-02-01,19024,MAIN;A,1,NA,alive
611550,luquillo,1,Araliaceae,Schefflera,morototoni,SCHMOR,NA,196,NA,721,327,138.03,414.98,18.03,14.98,1505,101693,1845,0,101693,NA,6,6,209,1.32,2016-07-29,20664,MAIN;A,1,NA,alive
468937,luquillo,1,Melastomataceae,Miconia,prasina,MICPRA,NA,146,NA,622,342,100.44,438.69,0.44,18.69,8387,109875,115974,0,156080,NA,5,5,29.5,1.3,2012-01-31,19023,SPROUT;A,1,NA,alive
353161,luquillo,1,Arecaceae,Prestoea,acuminata,PREMON,NA,182,NA,722,343,122.84,420.77,2.84,0.77,26706,17574,33767,0,17574,NA,4,4,160,1.3,2006-11-20,17125,MAIN;A,1,NA,alive
444277,luquillo,1,Fabaceae-mimosoideae,Inga,laurina,INGLAU,NA,128,NA,721,327,135.26,410.31,15.26,10.31,26166,17021,33045,0,17021,NA,5,5,267,1.42,2012-01-31,19023,MAIN;A,1,NA,alive
384646,luquillo,1,Rubiaceae,Psychotria,berteroana,PSYBER,NA,184,NA,721,327,129.37,415.64,9.37,15.64,896,100999,114206,0,127554,NA,4,4,NA,NA,2006-11-20,17125,SPROUT;LS,1,NA,stem dead
469004,luquillo,1,Arecaceae,Prestoea,acuminata,PREMON,NA,182,NA,622,342,113.07,420.5,13.07,0.5,119521,110255,156629,0,110255,NA,5,5,101,1.3,2012-01-31,19023,MAIN;A,1,NA,alive
410671,luquillo,1,Rubiaceae,Psychotria,berteroana,PSYBER,NA,184,NA,621,326,116.55,409.38,16.55,9.38,108471,154627,143156,0,154627,NA,4,4,NA,NA,2006-11-17,17122,MAIN;DEADT,1,NA,dead
608851,luquillo,1,Rubiaceae,Psychotria,brachiata,PSYBRA,NA,185,NA,622,342,107.65,428.3,7.65,8.3,8810,110414,11056,0,110414,NA,6,6,NA,NA,2016-08-15,20681,MAIN;DEADT,1,NA,dead
467115,luquillo,1,Urticaceae,Cecropia,schreberiana,CECSCH,NA,74,NA,621,326,106.51,407.58,6.51,7.58,2154,102435,2634,0,102435,NA,5,5,218,1.26,2012-01-30,19022,MAIN;A,1,NA,alive
388156,luquillo,1,Burseraceae,Tetragastris,balsamifera,TETBAL,NA,207,NA,722,343,127.32,432.5,7.32,12.5,7842,109241,9779,0,109241,NA,4,4,NA,NA,2006-11-21,17126,MAIN;DEADT,1,NA,dead
410857,luquillo,1,Piperaceae,Piper,glabrescens,PIPGLA,NA,174,NA,721,327,129.58,401.83,9.58,1.83,108619,154826,143342,0,154826,NA,4,4,NA,NA,2006-11-21,17126,MAIN;DEADT,1,NA,dead
611473,luquillo,1,Fabaceae-mimosoideae,Inga,laurina,INGLAU,NA,128,NA,721,327,127.02,415.57,7.02,15.57,108605,154810,143327,0,154810,NA,6,6,37.9,1.3,2016-07-28,20663,MAIN;A,1,NA,alive
608729,luquillo,1,Meliaceae,Guarea,glabra,GUAGLA,NA,116,NA,621,326,108.54,418.82,8.54,18.82,2192,102485,2688,0,102485,NA,6,6,22.4,1.3,2016-07-27,20662,MAIN;A,1,NA,alive
388131,luquillo,1,Salicaceae,Casearia,arborea,CASARB,NA,70,NA,722,343,131.55,424.62,11.55,4.62,7767,109147,115859,0,156303,NA,4,4,35.7,1.3,2006-11-21,17126,SPROUT;A,1,NA,alive
481041,luquillo,1,Burseraceae,Tetragastris,balsamifera,TETBAL,NA,207,NA,722,343,122.93,430.16,2.93,10.16,109453,156247,144265,0,156247,NA,5,5,22,1.3,2012-02-01,19024,MAIN;A,1,NA,alive
384619,luquillo,1,Rubiaceae,Psychotria,brachiata,PSYBRA,NA,185,NA,721,327,135.3,415.81,15.3,15.81,845,100947,114199,0,154921,NA,4,4,NA,NA,2006-11-22,17127,SPROUT;LS,1,NA,stem dead
385225,luquillo,1,Rubiaceae,Psychotria,brachiata,PSYBRA,NA,185,NA,621,326,110.98,403.03,10.98,3.03,2101,102376,114501,0,154487,NA,4,4,16,1.3,2006-11-17,17122,SPROUT;A,1,NA,alive
388667,luquillo,1,Boraginaceae,Cordia,borinquensis,CORBOR,NA,93,NA,622,342,108,438.59,8,18.59,8860,110478,11121,0,110478,NA,4,4,NA,NA,2006-11-17,17122,MAIN;DEADT,1,NA,dead
467043,luquillo,1,Meliaceae,Guarea,guidonia,GUAGUI,NA,117,NA,621,326,104.14,416.52,4.14,16.52,1835,102071,2231,0,102071,NA,5,5,NA,NA,2012-01-30,19022,MAIN;A;LS;B,1,NA,broken below
619461,luquillo,1,Piperaceae,Piper,glabrescens,PIPGLA,NA,174,NA,721,327,129.18,407.14,9.18,7.14,126618,178219,166198,0,178219,NA,6,6,12.9,1.3,2016-07-28,20663,MAIN;A,1,NA,alive
410739,luquillo,1,Rubiaceae,Psychotria,brachiata,PSYBRA,NA,185,NA,721,327,122.62,407.45,2.62,7.45,108526,154697,143224,0,154697,NA,4,4,NA,NA,2006-11-20,17125,MAIN;DEADT,1,NA,dead
466972,luquillo,1,Sabiaceae,Meliosma,herbertii,MELHER,NA,142,NA,721,327,136.18,403.93,16.18,3.93,1471,101652,1802,0,101652,NA,5,5,119,1.25,2012-01-31,19023,MAIN;A,1,NA,alive
410995,luquillo,1,Piperaceae,Piper,glabrescens,PIPGLA,NA,174,NA,721,327,138.95,400.77,18.95,0.77,108741,154995,143480,0,154995,NA,4,4,NA,NA,2006-11-22,17127,MAIN;DEADT,1,NA,dead
410645,luquillo,1,Rubiaceae,Psychotria,berteroana,PSYBER,NA,184,NA,621,326,118.27,409.72,18.27,9.72,108452,154600,143130,0,154600,NA,4,4,63,1.3,2006-11-17,17122,MAIN;A,1,NA,alive
410815,luquillo,1,Salicaceae,Casearia,arborea,CASARB,NA,70,NA,721,327,121,418.66,1,18.66,108583,154774,143300,0,154774,NA,4,4,32.5,1.3,2006-11-20,17125,MAIN;A,1,NA,alive
611630,luquillo,1,Salicaceae,Casearia,arborea,CASARB,NA,70,NA,722,343,131.55,424.62,11.55,4.62,7767,109147,115859,0,156303,NA,6,6,NA,NA,2016-08-15,20681,SPROUT;LS;ST,1,NA,stem dead
467077,luquillo,1,Boraginaceae,Cordia,borinquensis,CORBOR,NA,93,NA,621,326,119.39,409.43,19.39,9.43,1977,102228,2401,0,102228,NA,5,5,52,1.3,2012-01-30,19022,MAIN;A,1,NA,alive
608703,luquillo,1,Meliaceae,Guarea,guidonia,GUAGUI,NA,117,NA,621,326,104.14,416.52,4.14,16.52,1835,102071,114435,0,154403,NA,6,6,NA,NA,2016-07-21,20656,SPROUT;LS,1,NA,stem dead
410467,luquillo,1,Rubiaceae,Psychotria,berteroana,PSYBER,NA,184,NA,621,326,102.13,403.01,2.13,3.01,108302,154344,142952,0,154344,NA,4,4,28.6,1.3,2006-11-16,17121,MAIN;A,1,NA,alive
385129,luquillo,1,Euphorbiaceae,Alchornea,latifolia,ALCLAT,NA,58,NA,721,327,120.8,417.6,0.8,17.6,1886,102127,2292,0,102127,NA,4,4,NA,NA,2006-11-20,17125,MAIN;A;LS;B,1,NA,broken below
619219,luquillo,1,Rubiaceae,Psychotria,berteroana,PSYBER,NA,184,NA,621,326,109.3,406.32,9.3,6.32,126389,177811,165956,0,177811,NA,6,6,15.5,1.3,2016-07-27,20662,MAIN;A,1,NA,alive
385198,luquillo,1,Rubiaceae,Psychotria,brachiata,PSYBRA,NA,185,NA,621,326,113.95,417.71,13.95,17.71,2051,102322,114488,0,154539,NA,4,4,NA,NA,2006-11-17,17122,SPROUT;LS,1,NA,stem dead
486632,luquillo,1,Lauraceae,Ocotea,leucoxylon,OCOLEU,NA,161,NA,721,327,121.19,416.35,1.19,16.35,1888,102129,160944,0,175180,NA,5,5,21.6,1.3,2012-01-30,19022,SPROUT;A,1,NA,alive
481008,luquillo,1,Rubiaceae,Psychotria,brachiata,PSYBRA,NA,185,NA,622,342,107.88,421.03,7.88,1.03,109397,156131,144205,0,156131,NA,5,5,NA,NA,2012-01-31,19023,MAIN;A;LS;B,1,NA,broken below
619456,luquillo,1,Rubiaceae,Psychotria,berteroana,PSYBER,NA,184,NA,721,327,128.43,403.82,8.43,3.82,126613,178214,166193,0,178214,NA,6,6,12.3,1.3,2016-07-28,20663,MAIN;A,1,NA,alive
353160,luquillo,1,Urticaceae,Cecropia,schreberiana,CECSCH,NA,74,NA,722,343,124.75,420.2,4.75,0.2,26705,17573,33766,0,17573,NA,4,4,184,1.35,2006-11-20,17125,MAIN;A;NP,1,NA,alive
608797,luquillo,1,Lauraceae,Ocotea,leucoxylon,OCOLEU,NA,161,NA,621,326,116,416.28,16,16.28,2041,102311,2498,0,102311,NA,6,6,NA,NA,2016-07-27,20662,MAIN;A;LS;B,1,NA,broken below
619222,luquillo,1,Rubiaceae,Psychotria,berteroana,PSYBER,NA,184,NA,621,326,111.95,406.39,11.95,6.39,126392,177815,165959,0,177815,NA,6,6,11.5,1.3,2016-07-27,20662,MAIN;A,1,NA,alive
481068,luquillo,1,Salicaceae,Casearia,arborea,CASARB,NA,70,NA,722,343,133.07,439.62,13.07,19.62,109494,156330,144310,0,156330,NA,5,5,24.1,1.3,2012-02-01,19024,MAIN;A,1,NA,alive
480544,luquillo,1,Rubiaceae,Psychotria,brachiata,PSYBRA,NA,185,NA,621,326,117.52,416.76,17.52,16.76,108430,154570,143103,0,154571,NA,5,5,17.8,1.3,2012-01-30,19022,SPROUT;A,1,NA,alive
385161,luquillo,1,Arecaceae,Prestoea,acuminata,PREMON,NA,182,NA,621,326,116.68,403.41,16.68,3.41,1971,102221,2395,0,102221,NA,4,4,NA,NA,2006-11-17,17122,MAIN;DEADT,1,NA,dead
353169,luquillo,1,Arecaceae,Prestoea,acuminata,PREMON,NA,182,NA,722,343,127.25,423.92,7.25,3.92,26719,17587,33780,0,17587,NA,4,4,135,1.3,2006-11-21,17126,MAIN;A,1,NA,alive
611623,luquillo,1,Arecaceae,Prestoea,acuminata,PREMON,NA,182,NA,722,343,126.65,438.3,6.65,18.3,120374,156267,157482,0,156267,NA,6,6,133,1.3,2016-08-15,20681,MAIN;A,1,NA,alive
388528,luquillo,1,Rubiaceae,Psychotria,brachiata,PSYBRA,NA,185,NA,622,342,115.24,430.36,15.24,10.36,8640,110194,10820,0,110194,NA,4,4,NA,NA,2006-11-20,17125,MAIN;DEADT,1,NA,dead
411793,luquillo,1,Rubiaceae,Psychotria,brachiata,PSYBRA,NA,185,NA,722,343,128.11,435.79,8.11,15.79,109466,156265,144280,0,156266,NA,4,4,NA,NA,2006-11-21,17126,SPROUT;LS,1,NA,stem dead
481047,luquillo,1,Arecaceae,Prestoea,acuminata,PREMON,NA,182,NA,722,343,126.65,438.3,6.65,18.3,120374,156267,157482,0,156267,NA,5,5,128,1.3,2012-02-01,19024,MAIN;A,1,NA,alive
410790,luquillo,1,Rubiaceae,Psychotria,brachiata,PSYBRA,NA,185,NA,721,327,123.47,412.2,3.47,12.2,108561,154747,143275,0,154747,NA,4,4,14.7,1.3,2006-11-20,17125,MAIN;A,1,NA,alive
619453,luquillo,1,Rubiaceae,Psychotria,berteroana,PSYBER,NA,184,NA,721,327,125.21,408.47,5.21,8.47,126610,178211,166190,0,178211,NA,6,6,11.8,1.3,2016-07-28,20663,MAIN;A,1,NA,alive
410775,luquillo,1,Rubiaceae,Psychotria,berteroana,PSYBER,NA,184,NA,721,327,120.84,411.62,0.84,11.62,108552,154733,143260,0,154734,NA,4,4,NA,NA,2006-11-20,17125,SPROUT;LS,1,NA,stem dead
619246,luquillo,1,Rubiaceae,Psychotria,berteroana,PSYBER,NA,184,NA,621,326,116.02,410.08,16.02,10.08,126414,177843,165983,0,177843,NA,6,6,20.2,1.3,2016-07-27,20662,MAIN;A,1,NA,alive
480578,luquillo,1,Piperaceae,Piper,glabrescens,PIPGLA,NA,174,NA,721,327,123.65,408.25,3.65,8.25,108532,154709,143236,0,154709,NA,5,5,NA,NA,2012-01-30,19022,MAIN;DEADT,1,NA,dead
467110,luquillo,1,Rubiaceae,Psychotria,brachiata,PSYBRA,NA,185,NA,621,326,112.52,400.61,12.52,0.61,2105,102380,114503,0,154484,NA,5,5,NA,NA,2012-01-30,19022,SPROUT;LS,1,NA,stem dead
480561,luquillo,1,Piperaceae,Piper,glabrescens,PIPGLA,NA,174,NA,621,326,118.78,405.86,18.78,5.86,108469,154624,143153,0,154624,NA,5,5,NA,NA,2012-01-30,19022,MAIN;A;LS;B,1,NA,broken below
480571,luquillo,1,Rubiaceae,Psychotria,brachiata,PSYBRA,NA,185,NA,721,327,123.13,409.17,3.13,9.17,108516,154679,143209,0,154682,NA,5,5,12,1.35,2012-01-30,19022,SPROUT;A,1,NA,alive
488827,luquillo,1,Salicaceae,Casearia,arborea,CASARB,NA,70,NA,621,326,100.14,415.67,0.14,15.67,124944,175147,163139,0,175147,NA,5,5,14.3,1.3,2012-01-30,19022,MAIN;A,1,NA,alive
611622,luquillo,1,Salicaceae,Casearia,arborea,CASARB,NA,70,NA,722,343,129.2,436.34,9.2,16.34,109464,156262,144277,0,156262,NA,6,6,NA,NA,2016-08-15,20681,MAIN;A;LS;B,1,NA,broken below
352719,luquillo,1,Arecaceae,Prestoea,acuminata,PREMON,NA,182,NA,721,327,122.73,401.58,2.73,1.58,26147,16999,33026,0,16999,NA,4,4,176,1.26,2006-11-20,17125,MAIN;A,1,NA,alive
611629,luquillo,1,Salicaceae,Casearia,arborea,CASARB,NA,70,NA,722,343,131.21,422.25,11.21,2.25,7779,109167,9698,0,109167,NA,6,6,135,1.26,2016-08-15,20681,MAIN;A,1,NA,alive
410579,luquillo,1,Rubiaceae,Psychotria,berteroana,PSYBER,NA,184,NA,621,326,113.26,414.11,13.26,14.11,108399,154521,143064,0,154521,NA,4,4,NA,NA,2006-11-17,17122,MAIN;DEADT,1,NA,dead
411761,luquillo,1,Rubiaceae,Psychotria,berteroana,PSYBER,NA,184,NA,622,342,116.43,422.7,16.43,2.7,109438,156223,144248,0,156223,NA,4,4,NA,NA,2006-11-20,17125,MAIN;DEADT,1,NA,dead
608735,luquillo,1,Arecaceae,Prestoea,acuminata,PREMON,NA,182,NA,621,326,114.01,400.94,14.01,0.94,26134,16986,33011,0,16986,NA,6,6,152,1.32,2016-07-27,20662,MAIN;A,1,NA,alive
410658,luquillo,1,Rubiaceae,Psychotria,berteroana,PSYBER,NA,184,NA,621,326,115.31,408.1,15.31,8.1,108462,154614,143143,0,154614,NA,4,4,NA,NA,2006-11-17,17122,MAIN;DEADT,1,NA,dead
473144,luquillo,1,Arecaceae,Prestoea,acuminata,PREMON,NA,182,NA,722,343,136.81,433.09,16.81,13.09,94950,127819,128300,0,127819,NA,5,5,129,1.3,2012-02-01,19024,MAIN;A,1,NA,alive
480595,luquillo,1,Rubiaceae,Psychotria,brachiata,PSYBRA,NA,185,NA,721,327,120.09,411.62,0.09,11.62,108554,154736,143266,0,154740,NA,5,5,12.4,1.3,2012-01-30,19022,SPROUT;A,1,NA,alive
353143,luquillo,1,Arecaceae,Prestoea,acuminata,PREMON,NA,182,NA,622,342,109.62,420.29,9.62,0.29,26683,17553,33743,0,17553,NA,4,4,NA,NA,2006-11-17,17122,MAIN;DEADT,1,NA,dead
388106,luquillo,1,Euphorbiaceae,Alchornea,latifolia,ALCLAT,NA,58,NA,722,343,130.3,427.97,10.3,7.97,7720,109066,9582,0,109066,NA,4,4,NA,NA,2006-11-21,17126,MAIN;DEADT,1,NA,dead
608744,luquillo,1,Malpighiaceae,Byrsonima,spicata,BYRSPI,NA,66,NA,621,326,113.12,400.4,13.12,0.4,108380,154496,143043,0,154496,NA,6,6,NA,NA,2016-07-27,20662,MAIN;DEADT,1,NA,dead
388521,luquillo,1,Rubiaceae,Psychotria,brachiata,PSYBRA,NA,185,NA,622,342,114.07,434.04,14.07,14.04,8622,110177,116017,0,156170,NA,4,4,NA,NA,2006-11-17,17122,SPROUT;LS,1,NA,stem dead
395109,luquillo,1,Rubiaceae,Psychotria,berteroana,PSYBER,NA,184,NA,721,327,130.69,414.19,10.69,14.19,85898,127534,104579,0,127534,NA,4,4,NA,NA,2006-11-21,17126,MAIN;DEADT,1,NA,dead
412210,luquillo,1,Meliaceae,Guarea,guidonia,GUAGUI,NA,117,NA,721,327,139.45,401.39,19.45,1.39,109830,157002,144698,0,157002,NA,4,4,33.8,1.3,2006-11-22,17127,MAIN;A,1,NA,alive
410692,luquillo,1,Piperaceae,Piper,glabrescens,PIPGLA,NA,174,NA,721,327,121.03,401.25,1.03,1.25,108490,154650,143177,0,154650,NA,4,4,NA,NA,2006-11-20,17125,MAIN;DEADT,1,NA,dead
481235,luquillo,1,Meliaceae,Guarea,guidonia,GUAGUI,NA,117,NA,721,327,139.45,401.39,19.45,1.39,109830,157002,144698,0,157002,NA,5,5,40.4,1.3,2012-01-31,19023,MAIN;A,1,NA,alive
481073,luquillo,1,Rubiaceae,Psychotria,brachiata,PSYBRA,NA,185,NA,722,343,138.77,435.53,18.77,15.53,109499,156342,144315,0,156342,NA,5,5,NA,NA,2012-02-01,19024,MAIN;DEADT,1,NA,dead
480651,luquillo,1,Rubiaceae,Psychotria,brachiata,PSYBRA,NA,185,NA,721,327,137.9,411.47,17.9,11.47,108696,154931,143425,0,154931,NA,5,5,NA,NA,2012-01-31,19023,MAIN;DEADT,1,NA,dead
410646,luquillo,1,Rubiaceae,Psychotria,berteroana,PSYBER,NA,184,NA,621,326,117.99,412.47,17.99,12.47,108453,154601,143131,0,154601,NA,4,4,NA,NA,2006-11-17,17122,MAIN;DEADT,1,NA,dead
480570,luquillo,1,Rubiaceae,Psychotria,brachiata,PSYBRA,NA,185,NA,721,327,123.13,409.17,3.13,9.17,108516,154679,143208,0,154681,NA,5,5,18,1.35,2012-01-30,19022,SPROUT;A,1,NA,alive
395153,luquillo,1,Araliaceae,Dendropanax,arboreus,DENARB,NA,101,NA,621,326,111.33,406.3,11.33,6.3,85991,127699,118427,0,154501,NA,4,4,20.1,1.3,2006-11-17,17122,SPROUT;A;C,1,NA,alive
488843,luquillo,1,Salicaceae,Casearia,arborea,CASARB,NA,70,NA,621,326,117.99,409.51,17.99,9.51,124959,175168,163155,0,175168,NA,5,5,12.1,1.3,2012-01-30,19022,MAIN;A,1,NA,alive
353149,luquillo,1,Arecaceae,Prestoea,acuminata,PREMON,NA,182,NA,622,342,114.69,433.83,14.69,13.83,26687,17557,33748,0,17557,NA,4,4,203,1.4,2006-11-17,17122,MAIN;A,1,NA,alive
410947,luquillo,1,Burseraceae,Tetragastris,balsamifera,TETBAL,NA,207,NA,721,327,137.26,411.75,17.26,11.75,108702,154937,143432,0,154938,NA,4,4,13.9,1.3,2006-11-22,17127,SPROUT;A,1,NA,alive
410626,luquillo,1,Rubiaceae,Psychotria,berteroana,PSYBER,NA,184,NA,621,326,115.76,411.99,15.76,11.99,108438,154581,143111,0,154581,NA,4,4,NA,NA,2006-11-17,17122,MAIN;DEADT,1,NA,dead
410747,luquillo,1,Piperaceae,Piper,glabrescens,PIPGLA,NA,174,NA,721,327,122.04,408.79,2.04,8.79,108531,154705,143232,0,154705,NA,4,4,NA,NA,2006-11-20,17125,MAIN;A;LS;B,1,NA,broken below
388074,luquillo,1,Rubiaceae,Psychotria,brachiata,PSYBRA,NA,185,NA,722,343,136.13,439.07,16.13,19.07,7674,109010,9525,0,109012,NA,4,4,NA,NA,2006-11-21,17126,SPROUT;LS,1,NA,stem dead
467049,luquillo,1,Boraginaceae,Cordia,borinquensis,CORBOR,NA,93,NA,621,326,101.18,414.23,1.18,14.23,1856,102099,2260,0,102099,NA,5,5,46.4,1.3,2012-01-30,19022,MAIN;A,1,NA,alive
611594,luquillo,1,Arecaceae,Prestoea,acuminata,PREMON,NA,182,NA,722,343,120.6,436.2,0.6,16.2,7906,109308,9851,0,109308,NA,6,6,144,1.3,2016-08-15,20681,MAIN;A,1,NA,alive
468849,luquillo,1,Arecaceae,Prestoea,acuminata,PREMON,NA,182,NA,722,343,124.79,428.88,4.79,8.88,84870,109372,103473,0,109372,NA,5,5,129,1.3,2012-02-01,19024,MAIN;A,1,NA,alive
608679,luquillo,1,Elaeocarpaceae,Sloanea,berteroana,SLOBER,NA,198,NA,621,326,102.51,405.49,2.51,5.49,26118,16970,32989,0,102052,NA,6,6,80,1.28,2016-07-21,20656,SPROUT;A,1,NA,alive
384960,luquillo,1,Rubiaceae,Psychotria,brachiata,PSYBRA,NA,185,NA,721,327,138.1,405.16,18.1,5.16,1493,101678,1829,0,101678,NA,4,4,NA,NA,2006-11-22,17127,MAIN;DEADT,1,NA,dead
468840,luquillo,1,Burseraceae,Tetragastris,balsamifera,TETBAL,NA,207,NA,722,343,123.52,431.49,3.52,11.49,7914,109318,9861,0,109318,NA,5,5,22,1.3,2012-02-01,19024,MAIN;A,1,NA,alive
608833,luquillo,1,Rubiaceae,Faramea,occidentalis,FAROCC,NA,108,NA,622,342,100.37,436.96,0.37,16.96,8246,109694,10262,0,109694,NA,6,6,56,1.3,2016-08-15,20681,MAIN;A,1,NA,alive
384592,luquillo,1,Urticaceae,Cecropia,schreberiana,CECSCH,NA,74,NA,721,327,130.13,412.36,10.13,12.36,780,100864,955,0,100864,NA,4,4,212,1.3,2006-11-21,17126,MAIN;A,1,NA,alive
388552,luquillo,1,Rubiaceae,Psychotria,brachiata,PSYBRA,NA,185,NA,622,342,109.61,425.63,9.61,5.63,8668,110235,10867,0,110236,NA,4,4,NA,NA,2006-11-17,17122,SPROUT;LS,1,NA,stem dead
473093,luquillo,1,Meliaceae,Trichilia,pallida,TRIPAL,NA,210,NA,722,343,128.61,425.23,8.61,5.23,85877,127499,104557,0,127499,NA,5,5,20.9,1.3,2012-02-01,19024,MAIN;A;ST,1,NA,alive
480555,luquillo,1,Piperaceae,Piper,glabrescens,PIPGLA,NA,174,NA,621,326,118.46,410.17,18.46,10.17,108449,154597,143127,0,154597,NA,5,5,NA,NA,2012-01-30,19022,MAIN;DEADT;B,1,NA,dead
385121,luquillo,1,Araliaceae,Schefflera,morototoni,SCHMOR,NA,196,NA,721,327,125.24,419.24,5.24,19.24,1867,102108,2271,0,102108,NA,4,4,99,1.3,2006-11-20,17125,MAIN;A,1,NA,alive
469054,luquillo,1,Urticaceae,Cecropia,schreberiana,CECSCH,NA,74,NA,622,342,109.71,431.42,9.71,11.42,8815,110422,11065,0,110422,NA,5,5,185,1.47,2012-01-31,19023,MAIN;A,1,NA,alive
611636,luquillo,1,Salicaceae,Casearia,arborea,CASARB,NA,70,NA,722,343,131.86,429.36,11.86,9.36,86042,127807,104735,0,127807,NA,6,6,111,1.2,2016-08-15,20681,MAIN;A;ST,1,NA,alive
469046,luquillo,1,Rubiaceae,Psychotria,brachiata,PSYBRA,NA,185,NA,622,342,107.65,428.3,7.65,8.3,8810,110414,11056,0,110414,NA,5,5,NA,NA,2012-01-31,19023,MAIN;A;LS;B,1,NA,broken below
480531,luquillo,1,Rubiaceae,Psychotria,berteroana,PSYBER,NA,184,NA,621,326,114.36,411.59,14.36,11.59,108408,154532,143075,0,154532,NA,5,5,NA,NA,2012-01-30,19022,MAIN;DEADT,1,NA,dead
611480,luquillo,1,Arecaceae,Prestoea,acuminata,PREMON,NA,182,NA,721,327,133.8,404.85,13.8,4.85,94946,127550,128296,0,127550,NA,6,6,162,1.3,2016-07-28,20663,MAIN;A,1,NA,alive
611563,luquillo,1,Urticaceae,Cecropia,schreberiana,CECSCH,NA,74,NA,721,327,137.49,415.78,17.49,15.78,813,100906,1003,0,100905,NA,6,6,141,2.2,2016-07-29,20664,SPROUT;A,1,NA,alive
384631,luquillo,1,Meliaceae,Guarea,guidonia,GUAGUI,NA,117,NA,721,327,126.64,411.95,6.64,11.95,871,100975,1078,0,100975,NA,4,4,NA,NA,2006-11-20,17125,MAIN;A;LS;B,1,NA,broken below
388512,luquillo,1,Rubiaceae,Psychotria,brachiata,PSYBRA,NA,185,NA,622,342,110.26,435.39,10.26,15.39,8615,110161,10783,0,110161,NA,4,4,NA,NA,2006-11-20,17125,MAIN;DEADT,1,NA,dead
410719,luquillo,1,Piperaceae,Piper,glabrescens,PIPGLA,NA,174,NA,721,327,123.8,409.05,3.8,9.05,108514,154677,143204,0,154677,NA,4,4,NA,NA,2006-11-20,17125,MAIN;DEADT,1,NA,dead
388124,luquillo,1,Meliaceae,Guarea,guidonia,GUAGUI,NA,117,NA,722,343,134.72,429.69,14.72,9.69,7758,109137,115854,0,156308,NA,4,4,NA,NA,2006-11-21,17126,SPROUT;LS,1,NA,stem dead
611567,luquillo,1,Arecaceae,Prestoea,acuminata,PREMON,NA,182,NA,721,327,135.11,418.82,15.11,18.82,94945,127538,128295,0,127538,NA,6,6,159,1.27,2016-07-29,20664,MAIN;A,1,NA,alive
468946,luquillo,1,Euphorbiaceae,Alchorneopsis,floribunda,ALCFLO,NA,57,NA,622,342,118.86,435.84,18.86,15.84,8442,109928,10532,0,109928,NA,5,5,NA,NA,2012-01-31,19023,MAIN;DEADT;B,1,NA,dead
388656,luquillo,1,Rubiaceae,Psychotria,brachiata,PSYBRA,NA,185,NA,622,342,107,431.21,7,11.21,8825,110440,11082,0,110441,NA,4,4,NA,NA,2006-11-17,17122,SPROUT;LS,1,NA,stem dead
425239,luquillo,1,Fabaceae-mimosoideae,Inga,laurina,INGLAU,NA,128,NA,721,327,122.8,401.45,2.8,1.45,122187,172288,159385,0,172288,NA,4,4,16.8,1.3,2006-11-20,17125,MAIN;A,1,NA,alive
410541,luquillo,1,Piperaceae,Piper,glabrescens,PIPGLA,NA,174,NA,621,326,109.55,405.55,9.55,5.55,108363,154459,143026,0,154460,NA,4,4,NA,NA,2006-11-17,17122,SPROUT;LS,1,NA,stem dead
385195,luquillo,1,Lauraceae,Ocotea,leucoxylon,OCOLEU,NA,161,NA,621,326,115.75,416.15,15.75,16.15,2042,102312,114487,0,127709,NA,4,4,NA,NA,2006-11-17,17122,SPROUT;LS,1,NA,stem dead
411848,luquillo,1,Melastomataceae,Miconia,racemosa,MICRAC,NA,147,NA,722,343,136.22,425.83,16.22,5.83,109515,156367,144335,0,156367,NA,4,4,NA,NA,2006-11-21,17126,MAIN;DEADT,1,NA,dead
410603,luquillo,1,Rubiaceae,Psychotria,brachiata,PSYBRA,NA,185,NA,621,326,113.24,415.18,13.24,15.18,108419,154548,143088,0,154548,NA,4,4,NA,NA,2006-11-17,17122,MAIN;A;LS;B,1,NA,broken below
611454,luquillo,1,Fabaceae-mimosoideae,Inga,laurina,INGLAU,NA,128,NA,721,327,129.79,409.72,9.79,9.72,124970,175184,163166,0,175184,NA,6,6,32.8,1.3,2016-07-28,20663,MAIN;A,1,NA,alive
488839,luquillo,1,Rubiaceae,Psychotria,berteroana,PSYBER,NA,184,NA,621,326,116.71,410.26,16.71,10.26,124955,175163,163151,0,175163,NA,5,5,10.3,1.3,2012-01-30,19022,MAIN;A,1,NA,alive
422356,luquillo,1,Melastomataceae,Miconia,prasina,MICPRA,NA,146,NA,621,326,117.58,414.77,17.58,14.77,108446,154591,156502,0,172286,NA,4,4,10.7,1.3,2006-11-17,17122,SPROUT;A,1,NA,alive
410602,luquillo,1,Rubiaceae,Psychotria,brachiata,PSYBRA,NA,185,NA,621,326,112.32,417.66,12.32,17.66,108418,154547,143087,0,154547,NA,4,4,18.3,1.27,2006-11-17,17122,MAIN;A,1,NA,alive
410584,luquillo,1,Rubiaceae,Psychotria,berteroana,PSYBER,NA,184,NA,621,326,112.71,412.61,12.71,12.61,108403,154525,143069,0,154526,NA,4,4,NA,NA,2006-11-17,17122,SPROUT;LS,1,NA,stem dead
619652,luquillo,1,Rubiaceae,Psychotria,brachiata,PSYBRA,NA,185,NA,622,342,109.18,430.37,9.18,10.37,126800,178508,166389,0,178508,NA,6,6,11.5,1.3,2016-08-15,20681,MAIN;A,1,NA,alive
410931,luquillo,1,Euphorbiaceae,Alchornea,latifolia,ALCLAT,NA,58,NA,721,327,134.67,415.07,14.67,15.07,108688,154919,143416,0,154920,NA,4,4,NA,NA,2006-11-21,17126,SPROUT;LS,1,NA,stem dead
385153,luquillo,1,Piperaceae,Piper,glabrescens,PIPGLA,NA,174,NA,621,326,100.18,418.76,0.18,18.76,1938,102188,2358,0,102188,NA,4,4,NA,NA,2006-11-16,17121,MAIN;DEADT,1,NA,dead
384611,luquillo,1,Urticaceae,Cecropia,schreberiana,CECSCH,NA,74,NA,721,327,137.49,415.78,17.49,15.78,813,100906,1003,0,100905,NA,4,4,136,2.43,2006-11-22,17127,SPROUT;A,1,NA,alive
480501,luquillo,1,Rubiaceae,Psychotria,brachiata,PSYBRA,NA,185,NA,621,326,100.11,406.63,0.11,6.63,108327,154377,142979,0,154377,NA,5,5,NA,NA,2012-01-30,19022,MAIN;A;LS;B,1,NA,broken below
388506,luquillo,1,Salicaceae,Casearia,arborea,CASARB,NA,70,NA,622,342,111.5,436.13,11.5,16.13,8614,110151,116008,0,156172,NA,4,4,NA,NA,2006-11-20,17125,SPROUT;LS,1,NA,stem dead
410701,luquillo,1,Piperaceae,Piper,glabrescens,PIPGLA,NA,174,NA,721,327,124.79,403.04,4.79,3.04,108498,154659,143186,0,154659,NA,4,4,NA,NA,2006-11-20,17125,MAIN;DEADT,1,NA,dead
619292,luquillo,1,Rubiaceae,Psychotria,berteroana,PSYBER,NA,184,NA,721,327,130.48,416.79,10.48,16.79,126455,177900,166029,0,177900,NA,6,6,13.4,1.3,2016-07-28,20663,MAIN;A,1,NA,alive
608810,luquillo,1,Euphorbiaceae,Sapium,laurocerasus,SAPLAU,NA,195,NA,622,342,103.76,424.49,3.76,4.49,8702,110285,10918,0,110285,NA,6,6,249,1.3,2016-08-15,20681,MAIN;A,1,NA,alive
411688,luquillo,1,Putranjivaceae,Drypetes,glauca,DRYGLA,NA,104,NA,622,342,104.82,432.44,4.82,12.44,109375,156073,144174,0,156073,NA,4,4,NA,NA,2006-11-17,17122,MAIN;DEADT,1,NA,dead
480645,luquillo,1,Salicaceae,Casearia,arborea,CASARB,NA,70,NA,721,327,131.12,412.45,11.12,12.45,108678,154904,143405,0,154904,NA,5,5,20.6,1.3,2012-01-31,19023,MAIN;A,1,NA,alive
388490,luquillo,1,Melastomataceae,Miconia,prasina,MICPRA,NA,146,NA,622,342,110.86,436.98,10.86,16.98,8591,110126,10746,0,110126,NA,4,4,NA,NA,2006-11-20,17125,MAIN;DEADT,1,NA,dead
410900,luquillo,1,Fabaceae-mimosoideae,Inga,laurina,INGLAU,NA,128,NA,721,327,135.25,402.48,15.25,2.48,108659,154879,143385,0,154879,NA,4,4,15.3,1.3,2006-11-22,17127,MAIN;A,1,NA,alive
444274,luquillo,1,Salicaceae,Laetia,procera,LAEPRO,NA,131,NA,721,327,121.09,419.91,1.09,19.91,26158,17009,33037,0,17009,NA,5,5,333,1.3,2012-01-30,19022,MAIN;A,1,NA,alive
410820,luquillo,1,Melastomataceae,Miconia,racemosa,MICRAC,NA,147,NA,721,327,121.86,415.26,1.86,15.26,108588,154779,143305,0,154779,NA,4,4,NA,NA,2006-11-20,17125,MAIN;DEADT,1,NA,dead
388103,luquillo,1,Euphorbiaceae,Alchornea,latifolia,ALCLAT,NA,58,NA,722,343,132.69,430.45,12.69,10.45,7718,109063,9579,0,109063,NA,4,4,NA,NA,2006-11-21,17126,MAIN;A;LS;B,1,NA,broken below
467067,luquillo,1,Rubiaceae,Psychotria,brachiata,PSYBRA,NA,185,NA,621,326,104.72,419.51,4.72,19.51,1927,102170,114453,0,154419,NA,5,5,NA,NA,2012-01-30,19022,SPROUT;LS;B,1,NA,broken below
410483,luquillo,1,Rubiaceae,Psychotria,brachiata,PSYBRA,NA,185,NA,621,326,104.49,402.84,4.49,2.84,108318,154360,142968,0,154360,NA,4,4,NA,NA,2006-11-16,17121,MAIN;DEADT,1,NA,dead
410785,luquillo,1,Piperaceae,Piper,glabrescens,PIPGLA,NA,174,NA,721,327,120.29,412.58,0.29,12.58,108556,154742,143270,0,154751,NA,4,4,NA,NA,2006-11-20,17125,SPROUT;LS,1,NA,stem dead
480638,luquillo,1,Fabaceae-mimosoideae,Inga,laurina,INGLAU,NA,128,NA,721,327,135.25,402.48,15.25,2.48,108659,154879,143385,0,154879,NA,5,5,NA,NA,2012-01-31,19023,MAIN;DEADT;B,1,NA,dead
619462,luquillo,1,Rubiaceae,Psychotria,berteroana,PSYBER,NA,184,NA,721,327,127.63,406.34,7.63,6.34,126619,178220,166199,0,178220,NA,6,6,10,1.3,2016-07-28,20663,MAIN;A,1,NA,alive
388200,luquillo,1,Urticaceae,Cecropia,schreberiana,CECSCH,NA,74,NA,722,343,121.86,432.28,1.86,12.28,7921,109327,9869,0,109327,NA,4,4,193,1.3,2006-11-20,17125,MAIN;A,1,NA,alive
410884,luquillo,1,Meliaceae,Guarea,guidonia,GUAGUI,NA,117,NA,721,327,134.22,400.51,14.22,0.51,108643,154860,143369,0,154860,NA,4,4,26.9,1.3,2006-11-21,17126,MAIN;A,1,NA,alive
388618,luquillo,1,Rubiaceae,Psychotria,berteroana,PSYBER,NA,184,NA,622,342,101.03,430.03,1.03,10.03,8751,110344,10985,0,110344,NA,4,4,NA,NA,2006-11-17,17122,MAIN;DEADT,1,NA,dead
468959,luquillo,1,Salicaceae,Casearia,arborea,CASARB,NA,70,NA,622,342,118.35,428.5,18.35,8.5,8484,109987,115996,0,156218,NA,5,5,42.7,1.3,2012-01-31,19023,SPROUT;A,1,NA,alive
480493,luquillo,1,Rubiaceae,Psychotria,berteroana,PSYBER,NA,184,NA,621,326,102.13,403.01,2.13,3.01,108302,154344,142952,0,154344,NA,5,5,NA,NA,2012-01-30,19022,MAIN;DEADT,1,NA,dead
444254,luquillo,1,Arecaceae,Prestoea,acuminata,PREMON,NA,182,NA,621,326,103.74,417.16,3.74,17.16,26122,16974,32996,0,16974,NA,5,5,171,1.3,2012-01-30,19022,MAIN;A,1,NA,alive
410859,luquillo,1,Rubiaceae,Psychotria,brachiata,PSYBRA,NA,185,NA,721,327,128.41,401.59,8.41,1.59,108621,154828,143344,0,154828,NA,4,4,NA,NA,2006-11-21,17126,MAIN;DEADT,1,NA,dead
410587,luquillo,1,Rubiaceae,Psychotria,brachiata,PSYBRA,NA,185,NA,621,326,112.76,413.43,12.76,13.43,108406,154529,143072,0,154529,NA,4,4,NA,NA,2006-11-17,17122,MAIN;DEADT,1,NA,dead
618287,luquillo,1,Piperaceae,Piper,glabrescens,PIPGLA,NA,174,NA,721,327,123.69,407.77,3.69,7.77,108533,154710,165024,0,177847,NA,6,6,10.2,1.3,2016-07-28,20663,SPROUT;A,1,NA,alive
388638,luquillo,1,Rubiaceae,Psychotria,brachiata,PSYBRA,NA,185,NA,622,342,107.55,425.75,7.55,5.75,8805,110409,11050,0,110409,NA,4,4,NA,NA,2006-11-17,17122,MAIN;A;LS;B,1,NA,broken below
608718,luquillo,1,Arecaceae,Prestoea,acuminata,PREMON,NA,182,NA,621,326,108.86,408.78,8.86,8.78,26131,16983,33008,0,16983,NA,6,6,153,1.25,2016-07-27,20662,MAIN;A,1,NA,alive
611641,luquillo,1,Salicaceae,Casearia,arborea,CASARB,NA,70,NA,722,343,130.93,432.57,10.93,12.57,109486,156321,144302,0,156321,NA,6,6,40.5,1.3,2016-08-15,20681,MAIN;A,1,NA,alive
608881,luquillo,1,Elaeocarpaceae,Sloanea,berteroana,SLOBER,NA,198,NA,622,342,112.56,422.93,12.56,2.93,8679,110253,10886,0,110253,NA,6,6,74,1.3,2016-08-15,20681,MAIN;A,1,NA,alive
385138,luquillo,1,Araliaceae,Schefflera,morototoni,SCHMOR,NA,196,NA,721,327,124.16,401.76,4.16,1.76,1922,102165,2334,0,102165,NA,4,4,36.7,1.33,2006-11-20,17125,MAIN;A;ST,1,NA,alive
611511,luquillo,1,Salicaceae,Casearia,arborea,CASARB,NA,70,NA,721,327,131.4,410.5,11.4,10.5,122200,172307,159398,0,172307,NA,6,6,40.7,1.3,2016-07-29,20664,MAIN;A,1,NA,alive
468980,luquillo,1,Salicaceae,Casearia,arborea,CASARB,NA,70,NA,622,342,113.2,434.83,13.2,14.83,8617,110169,10794,0,110172,NA,5,5,105,1.3,2012-01-31,19023,SPROUT;A,1,NA,alive
410705,luquillo,1,Piperaceae,Piper,glabrescens,PIPGLA,NA,174,NA,721,327,121.94,402.27,1.94,2.27,108502,154663,143190,0,154663,NA,4,4,NA,NA,2006-11-20,17125,MAIN;DEADT,1,NA,dead
481065,luquillo,1,Salicaceae,Casearia,arborea,CASARB,NA,70,NA,722,343,132.18,433.6,12.18,13.6,109491,156326,144307,0,156326,NA,5,5,24.9,1.3,2012-02-01,19024,MAIN;A,1,NA,alive
411819,luquillo,1,Salicaceae,Casearia,arborea,CASARB,NA,70,NA,722,343,133.24,434.2,13.24,14.2,109490,156325,144306,0,156325,NA,4,4,79,1.3,2006-11-21,17126,MAIN;A,1,NA,alive
388197,luquillo,1,Burseraceae,Tetragastris,balsamifera,TETBAL,NA,207,NA,722,343,123.52,431.49,3.52,11.49,7914,109318,9861,0,109318,NA,4,4,20.9,1.3,2006-11-20,17125,MAIN;A,1,NA,alive
410595,luquillo,1,Rubiaceae,Psychotria,berteroana,PSYBER,NA,184,NA,621,326,112.27,412.76,12.27,12.76,108412,154537,143080,0,154537,NA,4,4,NA,NA,2006-11-17,17122,MAIN;DEADT,1,NA,dead
353171,luquillo,1,Salicaceae,Casearia,arborea,CASARB,NA,70,NA,722,343,136.3,421.53,16.3,1.53,26722,17590,33783,0,17590,NA,4,4,155,1.3,2006-11-21,17126,MAIN;A,1,NA,alive
608943,luquillo,1,Elaeocarpaceae,Sloanea,berteroana,SLOBER,NA,198,NA,622,342,116.29,433.43,16.29,13.43,8467,109968,10575,0,109968,NA,6,6,94,1.3,2016-08-15,20681,MAIN;A,1,NA,alive
466970,luquillo,1,Rubiaceae,Psychotria,brachiata,PSYBRA,NA,185,NA,721,327,138.45,404.14,18.45,4.14,1465,101647,1796,0,101647,NA,5,5,NA,NA,2012-01-31,19023,MAIN;DEADT,1,NA,dead
480536,luquillo,1,Rubiaceae,Psychotria,berteroana,PSYBER,NA,184,NA,621,326,112.48,415.11,12.48,15.11,108420,154549,143089,0,154549,NA,5,5,NA,NA,2012-01-30,19022,MAIN;DEADT,1,NA,dead
410765,luquillo,1,Rubiaceae,Psychotria,berteroana,PSYBER,NA,184,NA,721,327,124.8,405.25,4.8,5.25,108546,154724,143250,0,154724,NA,4,4,58,1.3,2006-11-20,17125,MAIN;A,1,NA,alive
384630,luquillo,1,Rubiaceae,Psychotria,berteroana,PSYBER,NA,184,NA,721,327,125.83,412.74,5.83,12.74,869,100973,1076,0,100973,NA,4,4,NA,NA,2006-11-20,17125,MAIN;DEADT,1,NA,dead
488857,luquillo,1,Salicaceae,Casearia,arborea,CASARB,NA,70,NA,721,327,125.74,404.38,5.74,4.38,124973,175188,163169,0,175188,NA,5,5,14.2,1.3,2012-01-31,19023,MAIN;A,1,NA,alive
410871,luquillo,1,Piperaceae,Piper,glabrescens,PIPGLA,NA,174,NA,721,327,125.36,401.35,5.36,1.35,108631,154842,143356,0,154842,NA,4,4,NA,NA,2006-11-21,17126,MAIN;DEADT,1,NA,dead
467120,luquillo,1,Rubiaceae,Psychotria,brachiata,PSYBRA,NA,185,NA,621,326,108.32,412.56,8.32,12.56,2175,102462,114520,0,154437,NA,5,5,NA,NA,2012-01-30,19022,SPROUT;LS,1,NA,stem dead
480611,luquillo,1,Rubiaceae,Psychotria,berteroana,PSYBER,NA,184,NA,721,327,122.31,416.42,2.31,16.42,108587,154778,143304,0,154778,NA,5,5,NA,NA,2012-01-30,19022,MAIN;DEADT;B,1,NA,dead
410513,luquillo,1,Rubiaceae,Psychotria,berteroana,PSYBER,NA,184,NA,621,326,100.93,419.35,0.93,19.35,108343,154413,142998,0,154413,NA,4,4,NA,NA,2006-11-16,17121,MAIN;DEADT,1,NA,dead
385099,luquillo,1,Rubiaceae,Psychotria,brachiata,PSYBRA,NA,185,NA,621,326,104.96,415.85,4.96,15.85,1837,102073,114436,0,154401,NA,4,4,NA,NA,2006-11-16,17121,SPROUT;LS,1,NA,stem dead
388661,luquillo,1,Euphorbiaceae,Alchornea,latifolia,ALCLAT,NA,58,NA,622,342,107.52,435.51,7.52,15.51,8837,110452,11094,0,110452,NA,4,4,NA,NA,2006-11-17,17122,MAIN;DEADT,1,NA,dead
410801,luquillo,1,Rubiaceae,Psychotria,berteroana,PSYBER,NA,184,NA,721,327,121.86,412.4,1.86,12.4,108571,154760,143286,0,154760,NA,4,4,46,1.3,2006-11-20,17125,MAIN;A,1,NA,alive
611438,luquillo,1,Lauraceae,Ocotea,leucoxylon,OCOLEU,NA,161,NA,721,327,121.19,416.35,1.19,16.35,1888,102129,160944,0,175180,NA,6,6,31.5,1.3,2016-07-28,20663,SPROUT;A,1,NA,alive
468842,luquillo,1,Urticaceae,Cecropia,schreberiana,CECSCH,NA,74,NA,722,343,123.91,430.34,3.91,10.34,7917,109321,9864,0,109321,NA,5,5,211,1.3,2012-02-01,19024,MAIN;A,1,NA,alive
611406,luquillo,1,Meliaceae,Guarea,guidonia,GUAGUI,NA,117,NA,721,327,121.02,406.99,1.02,6.99,124966,175175,163162,0,175175,NA,6,6,23.6,1.3,2016-07-27,20662,MAIN;A,1,NA,alive
618292,luquillo,1,Rubiaceae,Psychotria,berteroana,PSYBER,NA,184,NA,721,327,129.61,414.9,9.61,14.9,124968,175182,165029,0,177895,NA,6,6,14.5,1.3,2016-07-28,20663,SPROUT;A,1,NA,alive
352726,luquillo,1,Fabaceae-mimosoideae,Inga,laurina,INGLAU,NA,128,NA,721,327,135.26,410.31,15.26,10.31,26166,17021,33045,0,17021,NA,4,4,261,1.49,2006-11-22,17127,MAIN;A,1,NA,alive
385087,luquillo,1,Rubiaceae,Psychotria,brachiata,PSYBRA,NA,185,NA,621,326,103.35,405.27,3.35,5.27,1811,102043,114433,0,154369,NA,4,4,NA,NA,2006-11-16,17121,SPROUT;LS,1,NA,stem dead
611669,luquillo,1,Salicaceae,Casearia,arborea,CASARB,NA,70,NA,722,343,137.35,425.34,17.35,5.34,109516,156368,144336,0,156368,NA,6,6,45.9,1.3,2016-08-16,20682,MAIN;A,1,NA,alive
608847,luquillo,1,Salicaceae,Casearia,arborea,CASARB,NA,70,NA,622,342,106.05,429.95,6.05,9.95,8799,110401,11042,0,110401,NA,6,6,205,1.3,2016-08-15,20681,MAIN;A,1,NA,alive
388055,luquillo,1,Araliaceae,Schefflera,morototoni,SCHMOR,NA,196,NA,722,343,136.94,427.34,16.94,7.34,7616,108950,9456,0,108950,NA,4,4,NA,NA,2006-11-21,17126,MAIN;DEADT,1,NA,dead
411840,luquillo,1,Piperaceae,Piper,glabrescens,PIPGLA,NA,174,NA,722,343,139.25,430.5,19.25,10.5,109509,156357,144327,0,156357,NA,4,4,NA,NA,2006-11-21,17126,MAIN;A;LS;B,1,NA,broken below
611476,luquillo,1,Lauraceae,Ocotea,leucoxylon,OCOLEU,NA,161,NA,721,327,133.71,400.4,13.71,0.4,734,100807,895,0,100807,NA,6,6,NA,NA,2016-07-28,20663,MAIN;A;LS;B,1,NA,broken below
384636,luquillo,1,Urticaceae,Cecropia,schreberiana,CECSCH,NA,74,NA,721,327,127.03,414.6,7.03,14.6,879,100982,1086,0,100982,NA,4,4,244,1.35,2006-11-20,17125,MAIN;A,1,NA,alive
611455,luquillo,1,Rubiaceae,Psychotria,berteroana,PSYBER,NA,184,NA,721,327,129.72,408.58,9.72,8.58,124971,175185,163167,0,175185,NA,6,6,32.2,1.3,2016-07-28,20663,MAIN;A,1,NA,alive
468978,luquillo,1,Salicaceae,Casearia,arborea,CASARB,NA,70,NA,622,342,113.2,434.83,13.2,14.83,8617,110169,10791,0,110169,NA,5,5,NA,NA,2012-01-31,19023,MAIN;A;LS;B,1,NA,broken below
618237,luquillo,1,Burseraceae,Dacryodes,excelsa,DACEXC,NA,99,NA,622,342,106.99,434.28,6.99,14.28,8827,110443,164974,0,178505,NA,6,6,14.5,1.3,2016-08-15,20681,SPROUT;A,1,NA,alive
385145,luquillo,1,Rubiaceae,Psychotria,brachiata,PSYBRA,NA,185,NA,621,326,104.18,419.88,4.18,19.88,1928,102174,114455,0,154415,NA,4,4,18.7,1.3,2006-11-16,17121,SPROUT;A,1,NA,alive
608739,luquillo,1,Urticaceae,Cecropia,schreberiana,CECSCH,NA,74,NA,621,326,111,400.46,11,0.46,2103,102379,2570,0,102379,NA,6,6,NA,NA,2016-07-27,20662,MAIN;DEADT,1,NA,dead
611562,luquillo,1,Urticaceae,Cecropia,schreberiana,CECSCH,NA,74,NA,721,327,138.62,415.03,18.62,15.03,26165,17020,33044,0,17020,NA,6,6,253,2,2016-07-29,20664,MAIN;A,1,NA,alive
468992,luquillo,1,Rubiaceae,Psychotria,brachiata,PSYBRA,NA,185,NA,622,342,113.15,426.38,13.15,6.38,8659,110216,116025,0,156161,NA,5,5,NA,NA,2012-01-31,19023,SPROUT;LS,1,NA,stem dead
410653,luquillo,1,Fabaceae-mimosoideae,Inga,laurina,INGLAU,NA,128,NA,621,326,119.71,406.89,19.71,6.89,108459,154609,143138,0,154609,NA,4,4,19.6,1.3,2006-11-17,17122,MAIN;A,1,NA,alive
388221,luquillo,1,Rubiaceae,Psychotria,brachiata,PSYBRA,NA,185,NA,722,343,121.87,429.27,1.87,9.27,7964,109377,115893,0,156241,NA,4,4,NA,NA,2006-11-20,17125,SPROUT;LS,1,NA,stem dead
619279,luquillo,1,Piperaceae,Piper,glabrescens,PIPGLA,NA,174,NA,721,327,121.61,405.24,1.61,5.24,126443,177882,166016,0,177882,NA,6,6,13.3,1.3,2016-07-28,20663,MAIN;A,1,NA,alive
385134,luquillo,1,Urticaceae,Cecropia,schreberiana,CECSCH,NA,74,NA,721,327,121.65,414.32,1.65,14.32,1903,102142,2309,0,102142,NA,4,4,232,1.3,2006-11-20,17125,MAIN;A;ST,1,NA,alive
608795,luquillo,1,Elaeocarpaceae,Sloanea,berteroana,SLOBER,NA,198,NA,621,326,115.43,419.21,15.43,19.21,2035,102305,2492,0,102305,NA,6,6,85,1.33,2016-07-27,20662,MAIN;A,1,NA,alive
411746,luquillo,1,Salicaceae,Casearia,arborea,CASARB,NA,70,NA,622,342,116.8,434.5,16.8,14.5,109424,156197,144233,0,156197,NA,4,4,18.8,1.3,2006-11-20,17125,MAIN;A,1,NA,alive
385197,luquillo,1,Rubiaceae,Psychotria,brachiata,PSYBRA,NA,185,NA,621,326,113.95,417.71,13.95,17.71,2051,102322,2509,0,102322,NA,4,4,NA,NA,2006-11-17,17122,MAIN;DEADT,1,NA,dead
467100,luquillo,1,Araliaceae,Schefflera,morototoni,SCHMOR,NA,196,NA,621,326,110.77,405.82,10.77,5.82,2082,102356,2545,0,102356,NA,5,5,158,1.23,2012-01-30,19022,MAIN;A,1,NA,alive
422363,luquillo,1,Rubiaceae,Psychotria,berteroana,PSYBER,NA,184,NA,721,327,137.58,403.08,17.58,3.08,108731,154981,156509,0,172315,NA,4,4,14.9,1.3,2006-11-22,17127,SPROUT;A,1,NA,alive
352727,luquillo,1,Arecaceae,Prestoea,acuminata,PREMON,NA,182,NA,721,327,136.12,404.25,16.12,4.25,26171,17027,33053,0,17027,NA,4,4,NA,NA,2006-11-22,17127,MAIN;DEADT,1,NA,dead
618301,luquillo,1,Salicaceae,Casearia,sylvestris,CASSYL,NA,73,NA,722,343,139.91,437.61,19.91,17.61,7681,109019,165038,0,178479,NA,6,6,12.5,1.3,2016-08-16,20682,SPROUT;A,1,NA,alive
608807,luquillo,1,Arecaceae,Prestoea,acuminata,PREMON,NA,182,NA,622,342,103.32,422.51,3.32,2.51,26673,17541,33731,0,17541,NA,6,6,191,1.43,2016-08-15,20681,MAIN;A,1,NA,alive
485596,luquillo,1,Salicaceae,Casearia,arborea,CASARB,NA,70,NA,721,327,124.9,416.2,4.9,16.2,122191,172293,159389,0,172293,NA,5,5,20.5,1.3,2012-01-30,19022,MAIN;A,1,NA,alive
410597,luquillo,1,Rubiaceae,Psychotria,brachiata,PSYBRA,NA,185,NA,621,326,113.5,415.97,13.5,15.97,108414,154542,143082,0,154542,NA,4,4,16.4,1.3,2006-11-17,17122,MAIN;A,1,NA,alive
619291,luquillo,1,Rubiaceae,Psychotria,berteroana,PSYBER,NA,184,NA,721,327,130.66,417,10.66,17,126454,177899,166028,0,177899,NA,6,6,19.5,1.3,2016-07-28,20663,MAIN;A,1,NA,alive
388651,luquillo,1,Lauraceae,Ocotea,leucoxylon,OCOLEU,NA,161,NA,622,342,108.86,431.03,8.86,11.03,8814,110421,11064,0,110421,NA,4,4,NA,NA,2006-11-17,17122,MAIN;A;LS;B,1,NA,broken below
410893,luquillo,1,Fabaceae-mimosoideae,Inga,laurina,INGLAU,NA,128,NA,721,327,133.63,404.79,13.63,4.79,108652,154872,143378,0,154872,NA,4,4,20,1.3,2006-11-21,17126,MAIN;A,1,NA,alive
608959,luquillo,1,Salicaceae,Casearia,arborea,CASARB,NA,70,NA,622,342,117.43,435.55,17.43,15.55,109422,156195,144231,0,156195,NA,6,6,51,1.3,2016-08-15,20681,MAIN;A,1,NA,alive
385271,luquillo,1,Rubiaceae,Psychotria,berteroana,PSYBER,NA,184,NA,621,326,109.09,419.22,9.09,19.22,2191,102484,2687,0,102484,NA,4,4,NA,NA,2006-11-17,17122,MAIN;DEADT,1,NA,dead
352714,luquillo,1,Salicaceae,Casearia,arborea,CASARB,NA,70,NA,621,326,118.01,408.86,18.01,8.86,26142,16993,119495,0,127711,NA,4,4,55,1.3,2006-11-17,17122,SPROUT;A,1,NA,alive
469034,luquillo,1,Salicaceae,Casearia,sylvestris,CASSYL,NA,73,NA,622,342,103.67,432.85,3.67,12.85,8763,110360,11004,0,110363,NA,5,5,59,1.3,2012-01-31,19023,SPROUT;A,1,NA,alive
467123,luquillo,1,Meliaceae,Guarea,glabra,GUAGLA,NA,116,NA,621,326,108.54,418.82,8.54,18.82,2192,102485,114529,0,154425,NA,5,5,11.5,1.3,2012-01-30,19022,SPROUT;A,1,NA,alive
608929,luquillo,1,Salicaceae,Casearia,arborea,CASARB,NA,70,NA,622,342,118.35,428.5,18.35,8.5,8484,109987,10596,0,109987,NA,6,6,NA,NA,2016-08-15,20681,MAIN;A;LS;B,1,NA,broken below
444608,luquillo,1,Urticaceae,Cecropia,schreberiana,CECSCH,NA,74,NA,722,343,122.38,423.75,2.38,3.75,26707,17575,33768,0,17575,NA,5,5,263,1.26,2012-02-01,19024,MAIN;A,1,NA,alive
481038,luquillo,1,Arecaceae,Prestoea,acuminata,PREMON,NA,182,NA,722,343,123.75,423.75,3.75,3.75,109445,156232,144255,0,156232,NA,5,5,122,1.3,2012-02-01,19024,MAIN;A,1,NA,alive
410549,luquillo,1,Araliaceae,Schefflera,morototoni,SCHMOR,NA,196,NA,621,326,109,404.05,9,4.05,108371,154476,143034,0,154476,NA,4,4,36.9,1.3,2006-11-17,17122,MAIN;A,1,NA,alive
410744,luquillo,1,Piperaceae,Piper,glabrescens,PIPGLA,NA,174,NA,721,327,120.81,408.32,0.81,8.32,108529,154701,143229,0,154702,NA,4,4,NA,NA,2006-11-20,17125,SPROUT;LS,1,NA,stem dead
388172,luquillo,1,Araliaceae,Schefflera,morototoni,SCHMOR,NA,196,NA,722,343,129.95,436.7,9.95,16.7,7861,109262,9801,0,109262,NA,4,4,NA,NA,2006-11-21,17126,MAIN;DEADT,1,NA,dead
466790,luquillo,1,Rubiaceae,Psychotria,brachiata,PSYBRA,NA,185,NA,721,327,132.91,415.9,12.91,15.9,797,100889,114192,0,154908,NA,5,5,NA,NA,2012-01-31,19023,SPROUT;LS;B,1,NA,broken below
608878,luquillo,1,Salicaceae,Casearia,arborea,CASARB,NA,70,NA,622,342,106.65,436.25,6.65,16.25,122384,172668,159587,0,172668,NA,6,6,13.4,1.3,2016-08-15,20681,MAIN;A,1,NA,alive
619256,luquillo,1,Piperaceae,Piper,glabrescens,PIPGLA,NA,174,NA,621,326,119.69,408.77,19.69,8.77,126424,177855,165993,0,177855,NA,6,6,11,1.3,2016-07-27,20662,MAIN;A,1,NA,alive
388414,luquillo,1,Melastomataceae,Miconia,prasina,MICPRA,NA,146,NA,622,342,101.56,437.01,1.56,17.01,8396,109883,115981,0,156087,NA,4,4,NA,NA,2006-11-17,17122,SPROUT;LS,1,NA,stem dead
466799,luquillo,1,Rubiaceae,Psychotria,brachiata,PSYBRA,NA,185,NA,721,327,135.3,415.81,15.3,15.81,845,100947,1049,0,100947,NA,5,5,NA,NA,2012-01-31,19023,MAIN;DEADT,1,NA,dead
444260,luquillo,1,Arecaceae,Prestoea,acuminata,PREMON,NA,182,NA,621,326,114.01,400.94,14.01,0.94,26134,16986,33011,0,16986,NA,5,5,156,1.35,2012-01-30,19022,MAIN;A,1,NA,alive
385192,luquillo,1,Araliaceae,Dendropanax,arboreus,DENARB,NA,101,NA,621,326,117.23,416.25,17.23,16.25,2038,102309,2495,0,102309,NA,4,4,40.4,1.3,2006-11-17,17122,MAIN;A;C,1,NA,alive
480606,luquillo,1,Salicaceae,Casearia,arborea,CASARB,NA,70,NA,721,327,124.9,415.78,4.9,15.78,108580,154769,143295,0,154769,NA,5,5,NA,NA,2012-01-30,19022,MAIN;A;LS;B,1,NA,broken below
469001,luquillo,1,Lauraceae,Ocotea,leucoxylon,OCOLEU,NA,161,NA,622,342,112.63,425.45,12.63,5.45,8672,110241,10873,0,110241,NA,5,5,47.3,1.7,2012-01-31,19023,MAIN;A;NP,1,NA,alive
618233,luquillo,1,Rubiaceae,Psychotria,brachiata,PSYBRA,NA,185,NA,621,326,111.08,403.74,11.08,3.74,2090,102363,164970,0,177813,NA,6,6,12.3,1.3,2016-07-27,20662,SPROUT;A,1,NA,alive
468810,luquillo,1,Salicaceae,Casearia,arborea,CASARB,NA,70,NA,722,343,130.66,427.65,10.66,7.65,7751,109111,9634,0,109111,NA,5,5,75,1.3,2012-02-01,19024,MAIN;A,1,NA,alive
611644,luquillo,1,Salicaceae,Casearia,arborea,CASARB,NA,70,NA,722,343,133.24,434.2,13.24,14.2,109490,156325,144306,0,156325,NA,6,6,99,1.3,2016-08-15,20681,MAIN;A,1,NA,alive
388473,luquillo,1,Urticaceae,Cecropia,schreberiana,CECSCH,NA,74,NA,622,342,118.97,420.34,18.97,0.34,8532,110037,10653,0,110037,NA,4,4,NA,NA,2006-11-20,17125,MAIN;DEADT,1,NA,dead
488842,luquillo,1,Arecaceae,Prestoea,acuminata,PREMON,NA,182,NA,621,326,115.71,406.56,15.71,6.56,124958,175167,163154,0,175167,NA,5,5,109,1.3,2012-01-30,19022,MAIN;A,1,NA,alive
388145,luquillo,1,Rubiaceae,Psychotria,brachiata,PSYBRA,NA,185,NA,722,343,129.33,421.58,9.33,1.58,7806,109202,9737,0,109202,NA,4,4,NA,NA,2006-11-21,17126,MAIN;DEADT,1,NA,dead
388415,luquillo,1,Melastomataceae,Miconia,prasina,MICPRA,NA,146,NA,622,342,101.56,437.01,1.56,17.01,8396,109883,115982,0,156088,NA,4,4,NA,NA,2006-11-17,17122,SPROUT;LS,1,NA,stem dead
410569,luquillo,1,Rubiaceae,Psychotria,berteroana,PSYBER,NA,184,NA,621,326,112.14,405.37,12.14,5.37,108390,154510,143054,0,154510,NA,4,4,34.6,1.3,2006-11-17,17122,MAIN;A,1,NA,alive
481025,luquillo,1,Lauraceae,Ocotea,leucoxylon,OCOLEU,NA,161,NA,622,342,117.96,438.3,17.96,18.3,109426,156199,144235,0,156199,NA,5,5,25.7,1.3,2012-01-31,19023,MAIN;A,1,NA,alive
388518,luquillo,1,Salicaceae,Casearia,arborea,CASARB,NA,70,NA,622,342,113.2,434.83,13.2,14.83,8617,110169,116015,0,156168,NA,4,4,NA,NA,2006-11-17,17122,SPROUT;LS,1,NA,stem dead
384602,luquillo,1,Rubiaceae,Psychotria,brachiata,PSYBRA,NA,185,NA,721,327,132.91,415.9,12.91,15.9,797,100889,983,0,100890,NA,4,4,NA,NA,2006-11-21,17126,SPROUT;LS,1,NA,stem dead
480646,luquillo,1,Salicaceae,Casearia,arborea,CASARB,NA,70,NA,721,327,132.19,413.61,12.19,13.61,108679,154905,143406,0,154905,NA,5,5,40.6,1.3,2012-01-31,19023,MAIN;A,1,NA,alive
467075,luquillo,1,Rubiaceae,Psychotria,brachiata,PSYBRA,NA,185,NA,621,326,100.37,419.74,0.37,19.74,1936,102185,2355,0,102185,NA,5,5,NA,NA,2012-01-30,19022,MAIN;A;LS;B,1,NA,broken below
410712,luquillo,1,Piperaceae,Piper,glabrescens,PIPGLA,NA,174,NA,721,327,123.57,404.77,3.57,4.77,108508,154670,143197,0,154670,NA,4,4,NA,NA,2006-11-20,17125,MAIN;DEADT,1,NA,dead
388624,luquillo,1,Salicaceae,Casearia,sylvestris,CASSYL,NA,73,NA,622,342,103.67,432.85,3.67,12.85,8763,110360,11002,0,110360,NA,4,4,NA,NA,2006-11-17,17122,MAIN;A;LS;B,1,NA,broken below
411768,luquillo,1,Arecaceae,Prestoea,acuminata,PREMON,NA,182,NA,722,343,123.75,423.75,3.75,3.75,109445,156232,144255,0,156232,NA,4,4,104,1.3,2006-11-20,17125,MAIN;A,1,NA,alive
618289,luquillo,1,Piperaceae,Piper,glabrescens,PIPGLA,NA,174,NA,721,327,121.82,405.25,1.82,5.25,108541,154718,165026,0,177874,NA,6,6,10.3,1.3,2016-07-28,20663,SPROUT;A,1,NA,alive
468939,luquillo,1,Combretaceae,Buchenavia,tetraphylla,BUCTET,NA,65,NA,622,342,118.11,439.46,18.11,19.46,8414,109902,10504,0,109902,NA,5,5,108,1.3,2012-01-31,19023,MAIN;A,1,NA,alive
611674,luquillo,1,Boraginaceae,Cordia,borinquensis,CORBOR,NA,93,NA,722,343,138.56,434.01,18.56,14.01,7645,108977,9485,0,108977,NA,6,6,47.8,1.3,2016-08-16,20682,MAIN;A,1,NA,alive
608816,luquillo,1,Rubiaceae,Psychotria,brachiata,PSYBRA,NA,185,NA,622,342,101.38,423.38,1.38,3.38,86058,127837,104751,0,127837,NA,6,6,NA,NA,2016-08-15,20681,MAIN;DEADT;B,1,NA,dead
410846,luquillo,1,Salicaceae,Casearia,arborea,CASARB,NA,70,NA,721,327,128.26,405.09,8.26,5.09,108609,154815,143331,0,154815,NA,4,4,30.8,1.3,2006-11-20,17125,MAIN;A,1,NA,alive
388190,luquillo,1,Arecaceae,Prestoea,acuminata,PREMON,NA,182,NA,722,343,120.6,436.2,0.6,16.2,7906,109308,9851,0,109308,NA,4,4,133,1.3,2006-11-21,17126,MAIN;A,1,NA,alive
611518,luquillo,1,Rubiaceae,Psychotria,brachiata,PSYBRA,NA,185,NA,721,327,132.91,415.9,12.91,15.9,797,100889,114194,0,154910,NA,6,6,NA,NA,2016-07-29,20664,SPROUT;LS,1,NA,stem dead
385231,luquillo,1,Rubiaceae,Psychotria,brachiata,PSYBRA,NA,185,NA,621,326,112.52,400.61,12.52,0.61,2105,102380,114505,0,154486,NA,4,4,NA,NA,2006-11-17,17122,SPROUT;LS,1,NA,stem dead
444271,luquillo,1,Arecaceae,Prestoea,acuminata,PREMON,NA,182,NA,721,327,122.73,401.58,2.73,1.58,26147,16999,33026,0,16999,NA,5,5,178,1.26,2012-01-30,19022,MAIN;A,1,NA,alive
410745,luquillo,1,Rubiaceae,Psychotria,brachiata,PSYBRA,NA,185,NA,721,327,120.2,407.94,0.2,7.94,108530,154703,143230,0,154703,NA,4,4,NA,NA,2006-11-20,17125,MAIN;DEADT,1,NA,dead
425246,luquillo,1,Salicaceae,Casearia,sylvestris,CASSYL,NA,73,NA,721,327,128.6,405.4,8.6,5.4,122194,172297,159392,0,172297,NA,4,4,12,1.3,2006-11-20,17125,MAIN;A,1,NA,alive
611586,luquillo,1,Salicaceae,Laetia,procera,LAEPRO,NA,131,NA,722,343,120.75,434.29,0.75,14.29,7928,109333,9876,0,109333,NA,6,6,NA,NA,2016-08-15,20681,MAIN;DEADT;ST,1,NA,dead
468785,luquillo,1,Fabaceae-mimosoideae,Inga,vera,INGVER,NA,129,NA,722,343,138.57,425.7,18.57,5.7,7620,108954,9460,0,108954,NA,5,5,130,1.3,2012-02-01,19024,MAIN;A,1,NA,alive
466797,luquillo,1,Urticaceae,Cecropia,schreberiana,CECSCH,NA,74,NA,721,327,137.49,415.78,17.49,15.78,813,100906,1004,0,100906,NA,5,5,101,2.45,2012-01-31,19023,MAIN;A;ST,1,NA,alive
388061,luquillo,1,Meliaceae,Trichilia,pallida,TRIPAL,NA,210,NA,722,343,138.68,425.26,18.68,5.26,7624,108958,9464,0,108958,NA,4,4,NA,NA,2006-11-21,17126,MAIN;A;LS;B,1,NA,broken below
611595,luquillo,1,Salicaceae,Casearia,arborea,CASARB,NA,70,NA,722,343,123.67,438.39,3.67,18.39,109455,156251,144268,0,156251,NA,6,6,30,1.3,2016-08-15,20681,MAIN;A,1,NA,alive
388214,luquillo,1,Euphorbiaceae,Alchornea,latifolia,ALCLAT,NA,58,NA,722,343,124.96,425.99,4.96,5.99,7959,109371,9918,0,109371,NA,4,4,NA,NA,2006-11-20,17125,MAIN;DEADT,1,NA,dead
411839,luquillo,1,Melastomataceae,Miconia,racemosa,MICRAC,NA,147,NA,722,343,139.4,431.96,19.4,11.96,109508,156356,144326,0,156356,NA,4,4,NA,NA,2006-11-21,17126,MAIN;DEADT,1,NA,dead
388639,luquillo,1,Rubiaceae,Psychotria,brachiata,PSYBRA,NA,185,NA,622,342,107.55,425.75,7.55,5.75,8805,110409,116059,0,156125,NA,4,4,NA,NA,2006-11-17,17122,SPROUT;LS,1,NA,stem dead
410570,luquillo,1,Rubiaceae,Psychotria,berteroana,PSYBER,NA,184,NA,621,326,111.5,405.66,11.5,5.66,108391,154511,143055,0,154511,NA,4,4,49,1.3,2006-11-17,17122,MAIN;A,1,NA,alive
385113,luquillo,1,Rubiaceae,Psychotria,brachiata,PSYBRA,NA,185,NA,621,326,102.46,410.11,2.46,10.11,1849,102089,114445,0,154391,NA,4,4,NA,NA,2006-11-16,17121,SPROUT;LS,1,NA,stem dead
468988,luquillo,1,Salicaceae,Casearia,arborea,CASARB,NA,70,NA,622,342,111.33,429.26,11.33,9.26,8646,110201,10829,0,110201,NA,5,5,85,1.3,2012-01-31,19023,MAIN;A,1,NA,alive
468812,luquillo,1,Salicaceae,Casearia,arborea,CASARB,NA,70,NA,722,343,131.39,423.73,11.39,3.73,7760,109139,9664,0,109139,NA,5,5,33.4,1.3,2012-02-01,19024,MAIN;A,1,NA,alive
608843,luquillo,1,Rubiaceae,Psychotria,brachiata,PSYBRA,NA,185,NA,622,342,107.88,421.03,7.88,1.03,109397,156131,161192,0,175313,NA,6,6,12.5,1.3,2016-08-15,20681,SPROUT;A,1,NA,alive
466774,luquillo,1,Lauraceae,Ocotea,leucoxylon,OCOLEU,NA,161,NA,721,327,134.38,402.06,14.38,2.06,741,100813,902,0,100813,NA,5,5,NA,NA,2012-01-31,19023,MAIN;A;LS;DP;ST,1,NA,stem dead
395152,luquillo,1,Araliaceae,Dendropanax,arboreus,DENARB,NA,101,NA,621,326,111.33,406.3,11.33,6.3,85991,127699,104682,0,127699,NA,4,4,20.8,1.3,2006-11-17,17122,MAIN;A;C,1,NA,alive
410758,luquillo,1,Piperaceae,Piper,glabrescens,PIPGLA,NA,174,NA,721,327,122.05,405.91,2.05,5.91,108539,154716,143243,0,154716,NA,4,4,NA,NA,2006-11-20,17125,MAIN;A;LS;B,1,NA,broken below
611653,luquillo,1,Salicaceae,Casearia,arborea,CASARB,NA,70,NA,722,343,133.07,439.62,13.07,19.62,109494,156330,144310,0,156330,NA,6,6,25.7,1.3,2016-08-15,20681,MAIN;A;C,1,NA,alive
608743,luquillo,1,Salicaceae,Casearia,sylvestris,CASSYL,NA,73,NA,621,326,110.43,400.22,10.43,0.22,108379,154495,143042,0,154495,NA,6,6,NA,NA,2016-07-27,20662,MAIN;A;LS;B,1,NA,broken below
608951,luquillo,1,Euphorbiaceae,Alchornea,latifolia,ALCLAT,NA,58,NA,622,342,118.98,438.3,18.98,18.3,26693,17562,33754,0,17562,NA,6,6,194,1.4,2016-08-15,20681,MAIN;A,1,NA,alive
618592,luquillo,1,Arecaceae,Prestoea,acuminata,PREMON,NA,182,NA,721,327,121.04,415.17,1.04,15.17,125790,175178,165329,0,175178,NA,6,6,153,1.3,2016-07-28,20663,MAIN;A;NP,1,NA,alive
444592,luquillo,1,Arecaceae,Prestoea,acuminata,PREMON,NA,182,NA,622,342,108.74,438.82,8.74,18.82,26678,17549,33738,0,17549,NA,5,5,155,1.3,2012-01-31,19023,MAIN;A;NP,1,NA,alive
410732,luquillo,1,Rubiaceae,Psychotria,brachiata,PSYBRA,NA,185,NA,721,327,120.48,409.7,0.48,9.7,108520,154690,143217,0,154690,NA,4,4,12.7,1.3,2006-11-20,17125,MAIN;A,1,NA,alive
467111,luquillo,1,Rubiaceae,Psychotria,brachiata,PSYBRA,NA,185,NA,621,326,112.52,400.61,12.52,0.61,2105,102380,114504,0,154485,NA,5,5,NA,NA,2012-01-30,19022,SPROUT;LS,1,NA,stem dead
480586,luquillo,1,Rubiaceae,Psychotria,berteroana,PSYBER,NA,184,NA,721,327,124.8,405.25,4.8,5.25,108546,154724,143250,0,154724,NA,5,5,NA,NA,2012-01-30,19022,MAIN;DEADT;B,1,NA,dead
385083,luquillo,1,Rubiaceae,Psychotria,brachiata,PSYBRA,NA,185,NA,621,326,100.24,405.81,0.24,5.81,1805,102034,114431,0,154366,NA,4,4,NA,NA,2006-11-16,17121,SPROUT;LS,1,NA,stem dead
410864,luquillo,1,Rubiaceae,Gonzalagunia,hirsuta,GONSPI,NA,115,NA,721,327,125.9,400.67,5.9,0.67,108624,154835,143349,0,154835,NA,4,4,NA,NA,2006-11-21,17126,MAIN;DEADT,1,NA,dead
388301,luquillo,1,Rubiaceae,Psychotria,berteroana,PSYBER,NA,184,NA,622,342,100.11,432.1,0.11,12.1,8183,109615,10176,0,109615,NA,4,4,NA,NA,2006-11-17,17122,MAIN;DEADT,1,NA,dead
384642,luquillo,1,Araliaceae,Schefflera,morototoni,SCHMOR,NA,196,NA,721,327,126.9,416.11,6.9,16.11,892,100994,1099,0,100994,NA,4,4,222,1.3,2006-11-20,17125,MAIN;A,1,NA,alive
411799,luquillo,1,Arecaceae,Prestoea,acuminata,PREMON,NA,182,NA,722,343,129.38,424.32,9.38,4.32,109472,156282,144286,0,156282,NA,4,4,127,1.3,2006-11-21,17126,MAIN;A,1,NA,alive
608704,luquillo,1,Rubiaceae,Psychotria,berteroana,PSYBER,NA,184,NA,621,326,101.79,415.22,1.79,15.22,108338,154404,142991,0,154404,NA,6,6,NA,NA,2016-07-21,20656,MAIN;DEADT,1,NA,dead
425247,luquillo,1,Salicaceae,Casearia,arborea,CASARB,NA,70,NA,721,327,126.5,406.1,6.5,6.1,122195,172299,159393,0,172299,NA,4,4,10.6,1.3,2006-11-20,17125,MAIN;A,1,NA,alive
411803,luquillo,1,Salicaceae,Casearia,arborea,CASARB,NA,70,NA,722,343,125.66,420.5,5.66,0.5,109474,156286,144290,0,156288,NA,4,4,NA,NA,2006-11-21,17126,SPROUT;LS,1,NA,stem dead
411854,luquillo,1,Meliaceae,Guarea,guidonia,GUAGUI,NA,117,NA,722,343,135.12,421.16,15.12,1.16,109520,156378,144341,0,156378,NA,4,4,18.5,1.3,2006-11-21,17126,MAIN;A,1,NA,alive
385277,luquillo,1,Rubiaceae,Psychotria,brachiata,PSYBRA,NA,185,NA,621,326,100.71,403.51,0.71,3.51,2197,102490,114532,0,154336,NA,4,4,12.6,1.3,2006-11-16,17121,SPROUT;A;C,1,NA,alive
410480,luquillo,1,Rubiaceae,Psychotria,berteroana,PSYBER,NA,184,NA,621,326,103.25,403.39,3.25,3.39,108315,154357,142965,0,154357,NA,4,4,29.1,1.3,2006-11-16,17121,MAIN;A,1,NA,alive
611515,luquillo,1,Rubiaceae,Psychotria,brachiata,PSYBRA,NA,185,NA,721,327,132.91,415.9,12.91,15.9,797,100889,982,0,100889,NA,6,6,NA,NA,2016-07-29,20664,MAIN;A;LS;B,1,NA,broken below
410695,luquillo,1,Piperaceae,Piper,glabrescens,PIPGLA,NA,174,NA,721,327,121.24,400.99,1.24,0.99,108492,154653,143180,0,154653,NA,4,4,NA,NA,2006-11-20,17125,MAIN;DEADT,1,NA,dead
384624,luquillo,1,Rubiaceae,Psychotria,berteroana,PSYBER,NA,184,NA,721,327,132.55,417.51,12.55,17.51,851,100953,1055,0,100953,NA,4,4,NA,NA,2006-11-21,17126,MAIN;DEADT,1,NA,dead
388134,luquillo,1,Rubiaceae,Psychotria,brachiata,PSYBRA,NA,185,NA,722,343,130.41,422.61,10.41,2.61,7771,109155,9681,0,109154,NA,4,4,NA,NA,2006-11-21,17126,SPROUT;LS,1,NA,stem dead
611564,luquillo,1,Urticaceae,Cecropia,schreberiana,CECSCH,NA,74,NA,721,327,137.49,415.78,17.49,15.78,813,100906,1004,0,100906,NA,6,6,103,2.6,2016-07-29,20664,MAIN;A;ST,1,NA,alive
488920,luquillo,1,Myrtaceae,Myrcia,splendens,MYRSPL,NA,156,NA,722,343,130.18,432.48,10.18,12.48,125034,175322,163232,0,175322,NA,5,5,13.9,1.25,2012-02-01,19024,MAIN;A,1,NA,alive
411693,luquillo,1,Salicaceae,Casearia,arborea,CASARB,NA,70,NA,622,342,100.9,438.54,0.9,18.54,109378,156082,144179,0,156082,NA,4,4,51,1.3,2006-11-17,17122,MAIN;A,1,NA,alive
410503,luquillo,1,Rubiaceae,Psychotria,brachiata,PSYBRA,NA,185,NA,621,326,104.92,410.96,4.92,10.96,108335,154398,142988,0,154398,NA,4,4,NA,NA,2006-11-16,17121,MAIN;DEADT,1,NA,dead
422364,luquillo,1,Rubiaceae,Psychotria,berteroana,PSYBER,NA,184,NA,721,327,135.21,403.81,15.21,3.81,108739,154991,156510,0,172316,NA,4,4,19.4,1.3,2006-11-22,17127,SPROUT;A,1,NA,alive
608746,luquillo,1,Lauraceae,Nectandra,turbacensis,OCOSIN,NA,164,NA,621,326,113.8,401.1,13.8,1.1,122184,172283,159382,0,172283,NA,6,6,NA,NA,2016-07-27,20662,MAIN;DEADT,1,NA,dead
488840,luquillo,1,Salicaceae,Casearia,arborea,CASARB,NA,70,NA,621,326,117.38,411.13,17.38,11.13,124956,175165,163152,0,175165,NA,5,5,15.8,1.3,2012-01-30,19022,MAIN;A,1,NA,alive
385199,luquillo,1,Rubiaceae,Psychotria,brachiata,PSYBRA,NA,185,NA,621,326,113.95,417.71,13.95,17.71,2051,102322,114489,0,154540,NA,4,4,NA,NA,2006-11-17,17122,SPROUT;LS,1,NA,stem dead
411850,luquillo,1,Lauraceae,Ocotea,leucoxylon,OCOLEU,NA,161,NA,722,343,138.35,425.46,18.35,5.46,109517,156369,144337,0,156369,NA,4,4,16.7,1.3,2006-11-21,17126,MAIN;A,1,NA,alive
608707,luquillo,1,Rubiaceae,Psychotria,brachiata,PSYBRA,NA,185,NA,621,326,104.18,419.88,4.18,19.88,1928,102174,114455,0,154415,NA,6,6,NA,NA,2016-07-21,20656,SPROUT;LS;B,1,NA,broken below
410620,luquillo,1,Piperaceae,Piper,glabrescens,PIPGLA,NA,174,NA,621,326,116.44,414.69,16.44,14.69,108432,154575,143105,0,154575,NA,4,4,NA,NA,2006-11-17,17122,MAIN;DEADT,1,NA,dead
384966,luquillo,1,Araliaceae,Schefflera,morototoni,SCHMOR,NA,196,NA,721,327,138.06,414.37,18.06,14.37,1506,101694,1846,0,101694,NA,4,4,131,1.3,2006-11-22,17127,MAIN;A,1,NA,alive
388083,luquillo,1,Rubiaceae,Psychotria,brachiata,PSYBRA,NA,185,NA,722,343,139,438.34,19,18.34,7684,109021,9535,0,109021,NA,4,4,NA,NA,2006-11-21,17126,MAIN;DEADT,1,NA,dead
480582,luquillo,1,Piperaceae,Piper,glabrescens,PIPGLA,NA,174,NA,721,327,121.42,405.53,1.42,5.53,108540,154717,143244,0,154717,NA,5,5,NA,NA,2012-01-30,19022,MAIN;A;LS;B,1,NA,broken below
608930,luquillo,1,Meliaceae,Trichilia,pallida,TRIPAL,NA,210,NA,622,342,117.61,428.44,17.61,8.44,8485,109988,10597,0,109988,NA,6,6,NA,NA,2016-08-15,20681,MAIN;A;LS;B,1,NA,broken below
611397,luquillo,1,Rubiaceae,Psychotria,brachiata,PSYBRA,NA,185,NA,721,327,120.45,409.75,0.45,9.75,108519,154687,143214,0,154687,NA,6,6,NA,NA,2016-07-27,20662,MAIN;DEADT;B,1,NA,dead
469005,luquillo,1,Burseraceae,Dacryodes,excelsa,DACEXC,NA,99,NA,622,342,111.78,421.32,11.78,1.32,8681,110257,10888,0,110257,NA,5,5,239,1.3,2012-01-31,19023,MAIN;A,1,NA,alive
410763,luquillo,1,Piperaceae,Piper,glabrescens,PIPGLA,NA,174,NA,721,327,123.53,406.39,3.53,6.39,108544,154721,143248,0,154721,NA,4,4,NA,NA,2006-11-20,17125,MAIN;DEADT,1,NA,dead
469056,luquillo,1,Burseraceae,Dacryodes,excelsa,DACEXC,NA,99,NA,622,342,106.99,434.28,6.99,14.28,8827,110443,11084,0,110443,NA,5,5,55,1.3,2012-01-31,19023,MAIN;A,1,NA,alive
411732,luquillo,1,Melastomataceae,Miconia,affinis,MICAFF,NA,143,NA,622,342,114.42,431.52,14.42,11.52,109410,156166,144219,0,156166,NA,4,4,40.7,1.3,2006-11-17,17122,MAIN;A,1,NA,alive
481063,luquillo,1,Lauraceae,Ocotea,leucoxylon,OCOLEU,NA,161,NA,722,343,130.54,430.99,10.54,10.99,109488,156323,144304,0,156323,NA,5,5,18.2,1.3,2012-02-01,19024,MAIN;A;ST,1,NA,alive
611665,luquillo,1,Meliaceae,Trichilia,pallida,TRIPAL,NA,210,NA,722,343,138.68,425.26,18.68,5.26,7624,108958,9464,0,108958,NA,6,6,NA,NA,2016-08-16,20682,MAIN;A;LS;B,1,NA,broken below
352722,luquillo,1,Urticaceae,Cecropia,schreberiana,CECSCH,NA,74,NA,721,327,122.77,419.65,2.77,19.65,26157,17007,33036,0,17007,NA,4,4,190,1.28,2006-11-20,17125,MAIN;A,1,NA,alive
467088,luquillo,1,Rubiaceae,Psychotria,berteroana,PSYBER,NA,184,NA,621,326,117.59,417.3,17.59,17.3,2025,102297,2482,0,102297,NA,5,5,NA,NA,2012-01-30,19022,MAIN;DEADT,1,NA,dead
619457,luquillo,1,Rubiaceae,Psychotria,berteroana,PSYBER,NA,184,NA,721,327,126.63,414.45,6.63,14.45,126614,178215,166194,0,178215,NA,6,6,20,1.3,2016-07-28,20663,MAIN;A,1,NA,alive
468823,luquillo,1,Salicaceae,Casearia,arborea,CASARB,NA,70,NA,722,343,126.87,433.22,6.87,13.22,7843,109244,115876,0,156273,NA,5,5,NA,NA,2012-02-01,19024,SPROUT;LS;B,1,NA,broken below
410792,luquillo,1,Piperaceae,Piper,glabrescens,PIPGLA,NA,174,NA,721,327,122.91,412.81,2.91,12.81,108563,154749,143277,0,154749,NA,4,4,NA,NA,2006-11-20,17125,MAIN;A;LS;B,1,NA,broken below
385246,luquillo,1,Salicaceae,Casearia,sylvestris,CASSYL,NA,73,NA,621,326,106.17,406.98,6.17,6.98,2156,102437,114514,0,154466,NA,4,4,NA,NA,2006-11-17,17122,SPROUT;LS,1,NA,stem dead
608678,luquillo,1,Elaeocarpaceae,Sloanea,berteroana,SLOBER,NA,198,NA,621,326,102.51,405.49,2.51,5.49,26118,16970,32988,0,102051,NA,6,6,78,1.3,2016-07-21,20656,SPROUT;A,1,NA,alive
611435,luquillo,1,Rubiaceae,Psychotria,brachiata,PSYBRA,NA,185,NA,721,327,124.56,418.84,4.56,18.84,108592,154783,143309,0,154783,NA,6,6,NA,NA,2016-07-28,20663,MAIN;A;LS;B,1,NA,broken below
422453,luquillo,1,Arecaceae,Prestoea,acuminata,PREMON,NA,182,NA,721,327,139,410.8,19,10.8,119491,-127901,156599,0,-127901,NA,4,4,171,1.3,2006-11-22,17127,MAIN;A,1,NA,alive
608856,luquillo,1,Myrtaceae,Myrcia,splendens,MYRSPL,NA,156,NA,622,342,106.56,429.59,6.56,9.59,8567,110096,160991,0,175309,NA,6,6,NA,NA,2016-08-15,20681,SPROUT;LS;B,1,NA,broken below
467058,luquillo,1,Araliaceae,Schefflera,morototoni,SCHMOR,NA,196,NA,721,327,124.08,418.18,4.08,18.18,1891,102131,2297,0,102131,NA,5,5,166,1.28,2012-01-30,19022,MAIN;A,1,NA,alive
410760,luquillo,1,Piperaceae,Piper,glabrescens,PIPGLA,NA,174,NA,721,327,121.82,405.25,1.82,5.25,108541,154718,143245,0,154718,NA,4,4,NA,NA,2006-11-20,17125,MAIN;A;LS;B,1,NA,broken below
385101,luquillo,1,Rubiaceae,Psychotria,brachiata,PSYBRA,NA,185,NA,621,326,104.46,412.55,4.46,12.55,1841,102081,2241,0,102081,NA,4,4,NA,NA,2006-11-16,17121,MAIN;DEADT,1,NA,dead
388409,luquillo,1,Melastomataceae,Miconia,prasina,MICPRA,NA,146,NA,622,342,101.56,437.01,1.56,17.01,8396,109883,10482,0,109883,NA,4,4,NA,NA,2006-11-17,17122,MAIN;DEADT,1,NA,dead
410951,luquillo,1,Lauraceae,Ocotea,leucoxylon,OCOLEU,NA,161,NA,721,327,137.73,408.22,17.73,8.22,108706,154942,143436,0,154942,NA,4,4,29.1,1.3,2006-11-22,17127,MAIN;A,1,NA,alive
410571,luquillo,1,Rubiaceae,Psychotria,berteroana,PSYBER,NA,184,NA,621,326,110.77,406.01,10.77,6.01,108392,154512,143056,0,154512,NA,4,4,NA,NA,2006-11-17,17122,MAIN;DEADT,1,NA,dead
384599,luquillo,1,Piperaceae,Piper,glabrescens,PIPGLA,NA,174,NA,721,327,134.52,413.59,14.52,13.59,794,100884,977,0,100884,NA,4,4,NA,NA,2006-11-21,17126,MAIN;DEADT,1,NA,dead
488915,luquillo,1,Rubiaceae,Psychotria,brachiata,PSYBRA,NA,185,NA,622,342,107.09,429.39,7.09,9.39,125029,175310,163227,0,175310,NA,5,5,13.7,1.3,2012-01-31,19023,MAIN;A,1,NA,alive
444265,luquillo,1,Arecaceae,Prestoea,acuminata,PREMON,NA,182,NA,621,326,111.55,412.56,11.55,12.56,26140,16991,33017,0,16991,NA,5,5,187,1.29,2012-01-30,19022,MAIN;A,1,NA,alive
